Parameter,Species,median,l95,u95
omega,Community,0.934,0.842,1
rho.ab,Community,0.871,0.787,0.926
rho.za,Community,0.239,-0.075,0.535
beta0.mu,Community,-2.405,-3.008,-1.742
sigma.beta0,Community,2.683,2.234,3.216
beta0,ROPI,-5.51,-9.948,0.81
beta0,BTPI,-4.679,-6.928,-3.064
beta0,EUCD,-5.431,-9.71,0.542
beta0,MODO,-0.905,-1.492,-0.361
beta0,CONI,-0.81,-1.751,0.39
beta0,COPO,-4.378,-6.132,-2.813
beta0,WTSW,-3.379,-4.67,-2.127
beta0,BCHU,-2.463,-3.525,-1.379
beta0,BTHU,2.871,2.17,3.56
beta0,KILL,-4.656,-6.546,-2.733
beta0,WISN,-4.089,-5.575,-2.784
beta0,SPSA,-4.462,-6.028,-3.033
beta0,BEKI,-3.717,-5.041,-2.091
beta0,LEWO,-3.872,-5.281,-2.614
beta0,ACWO,-5.443,-9.336,1.156
beta0,WISA,-1.377,-2.028,-0.701
beta0,RNSA,-0.687,-1.366,-0.059
beta0,ATTW,-1.827,-2.643,-0.917
beta0,DOWO,-1.218,-2.428,0.096
beta0,HAWO,1.087,0.477,1.677
beta0,NOFL,1.155,0.554,1.772
beta0,ATFL,-5.402,-9.518,0.803
beta0,CAKI,-5.457,-9.551,0.575
beta0,WEKI,-4.069,-5.605,-2.644
beta0,EAKI,-5.244,-9.208,1.784
beta0,OSFL,-1.986,-2.564,-1.317
beta0,WEWP,-0.328,-0.911,0.221
beta0,WIFL,-3.039,-4.199,-1.973
beta0,LEFL,-5.419,-9.433,1.011
beta0,HAFL,-0.742,-1.276,-0.209
beta0,GRFL,-5.281,-9.96,1.308
beta0,DUFL,0.021,-0.534,0.583
beta0,COFL,0.257,-0.23,0.834
beta0,BLPH,-4.874,-6.875,-2.958
beta0,SAPH,-5.464,-9.858,0.548
beta0,GRVI,-5.355,-9.484,1.036
beta0,PLVI,-0.49,-1.047,0.1
beta0,WAVI,1.65,1.074,2.211
beta0,REVI,-5.51,-9.898,0.665
beta0,CAJA,-2.514,-3.345,-1.628
beta0,PIJA,-5.409,-9.275,1.211
beta0,STJA,1.433,0.823,2.06
beta0,BLJA,-5.382,-9.224,0.937
beta0,WOSJ,-4.779,-6.546,-2.981
beta0,CLNU,-0.733,-1.303,-0.17
beta0,BBMA,-3.474,-4.636,-2.336
beta0,AMCR,-1.849,-2.609,-1.084
beta0,CORA,-0.437,-1.112,0.183
beta0,HOLA,-5.357,-9.41,1.346
beta0,TRES,-0.961,-1.644,-0.255
beta0,VGSW,-0.541,-1.176,-0.025
beta0,NRWS,-3.763,-4.995,-2.535
beta0,PUMA,-5.467,-10.344,0.469
beta0,BARS,-3.943,-5.378,-2.312
beta0,CLSW,-3.097,-4.418,-1.615
beta0,BCCH,-3.052,-3.815,-2.334
beta0,MOCH,4.102,3.249,5.071
beta0,JUTI,-5.512,-9.162,1.219
beta0,BUSH,-4.628,-6.602,-2.879
beta0,RBNU,0.771,0.172,1.317
beta0,WBNU,0.691,0.127,1.236
beta0,PYNU,0.3,-0.284,0.87
beta0,BRCR,0.355,-0.332,1.038
beta0,ROWR,-2.158,-2.928,-1.469
beta0,CANW,-3.77,-5.214,-2.465
beta0,HOWR,1.428,0.87,2.024
beta0,BEWR,-5.39,-9.579,0.763
beta0,BGGN,-3.623,-4.827,-2.464
beta0,AMDI,-3.474,-4.592,-2.289
beta0,GCKI,-2.15,-2.949,-1.331
beta0,RCKI,1.01,0.402,1.566
beta0,WEBL,-1.959,-2.699,-1.288
beta0,MOBL,-0.76,-1.387,-0.007
beta0,TOSO,1.179,0.643,1.767
beta0,VEER,-4.196,-5.687,-2.484
beta0,SWTH,-3.359,-4.319,-2.535
beta0,HETH,1.059,0.47,1.573
beta0,AMRO,2.536,1.906,3.144
beta0,GRCA,-3.279,-4.47,-2.083
beta0,SATH,-5.408,-9.78,0.912
beta0,NOMO,-5.289,-9.445,1.06
beta0,EUST,-5.459,-9.188,1.253
beta0,CEDW,-3.062,-4.22,-2.044
beta0,HOSP,-5.296,-9.349,0.833
beta0,EVGR,-1.905,-2.525,-1.21
beta0,PIGR,-2.308,-3.21,-1.128
beta0,HOFI,-2.845,-3.865,-1.748
beta0,CAFI,-2.171,-2.931,-1.483
beta0,RECR,0.058,-0.501,0.61
beta0,PISI,1.208,0.69,1.811
beta0,LEGO,-2.231,-3.035,-1.466
beta0,AMGO,-1.516,-2.397,-0.696
beta0,BTSP,-5.356,-9.343,1.276
beta0,LASP,-4.631,-6.653,-3.103
beta0,CHSP,0.721,0.202,1.337
beta0,BRSP,-3.751,-4.975,-2.59
beta0,FOSP,-4.11,-5.61,-2.8
beta0,DEJU,3.404,2.59,4.178
beta0,WCSP,-3.919,-5.227,-2.74
beta0,VESP,-2.872,-3.649,-2.154
beta0,SAVS,-5.345,-9.517,1.574
beta0,SOSP,-1.987,-2.774,-1.275
beta0,LISP,-1.271,-1.921,-0.714
beta0,GTTO,-0.117,-0.663,0.441
beta0,SPTO,-1.347,-2.044,-0.624
beta0,YBCH,-5.383,-8.981,1.306
beta0,WEME,-4.59,-5.978,-3.356
beta0,BUOR,-4.175,-5.816,-2.672
beta0,RWBL,-2.641,-3.472,-1.8
beta0,BHCO,-1.249,-1.832,-0.671
beta0,BRBL,-4.445,-5.762,-3.16
beta0,COGR,-3.983,-5.41,-2.571
beta0,OVEN,-4.069,-5.273,-2.721
beta0,OCWA,-2.335,-3.196,-1.477
beta0,VIWA,-1.897,-2.547,-1.295
beta0,MGWA,-1.026,-1.697,-0.393
beta0,COYE,-3.762,-5.033,-2.537
beta0,AMRE,-5.42,-9.774,0.871
beta0,YEWA,-1.681,-2.376,-0.923
beta0,YRWA,3.122,2.407,3.819
beta0,GRWA,-5.471,-9.736,1.104
beta0,BTYW,-5.357,-9.313,1.182
beta0,WIWA,-2.447,-3.122,-1.76
beta0,HETA,-5.404,-9.928,0.965
beta0,WETA,1.738,1.081,2.276
beta0,BHGR,-0.845,-1.456,-0.297
beta0,BLGR,-4.694,-6.708,-3.022
beta0,LAZB,-3.82,-4.976,-2.718
beta.PACC10.mu,Community,-0.129,-0.224,-0.026
sigma.beta.PACC10,Community,0.375,0.301,0.464
beta.PACC10,ROPI,-0.136,-0.837,0.615
beta.PACC10,BTPI,-0.249,-0.936,0.403
beta.PACC10,EUCD,-0.151,-0.885,0.565
beta.PACC10,MODO,0.008,-0.252,0.27
beta.PACC10,CONI,-0.26,-0.761,0.273
beta.PACC10,COPO,0.394,-0.133,1.046
beta.PACC10,WTSW,-0.009,-0.649,0.589
beta.PACC10,BCHU,0.003,-0.553,0.502
beta.PACC10,BTHU,-0.267,-0.592,0.066
beta.PACC10,KILL,-0.097,-0.787,0.538
beta.PACC10,WISN,-0.274,-0.915,0.394
beta.PACC10,SPSA,-0.023,-0.631,0.554
beta.PACC10,BEKI,-0.062,-0.691,0.526
beta.PACC10,LEWO,0.405,-0.066,0.838
beta.PACC10,ACWO,-0.13,-0.855,0.577
beta.PACC10,WISA,-0.522,-0.949,-0.097
beta.PACC10,RNSA,-0.193,-0.603,0.301
beta.PACC10,ATTW,-0.294,-0.865,0.324
beta.PACC10,DOWO,0.025,-0.639,0.683
beta.PACC10,HAWO,0.022,-0.382,0.492
beta.PACC10,NOFL,0.056,-0.278,0.402
beta.PACC10,ATFL,-0.144,-0.864,0.543
beta.PACC10,CAKI,-0.111,-0.821,0.589
beta.PACC10,WEKI,-0.114,-0.723,0.495
beta.PACC10,EAKI,-0.149,-0.921,0.594
beta.PACC10,OSFL,0.275,-0.044,0.578
beta.PACC10,WEWP,0.017,-0.228,0.285
beta.PACC10,WIFL,-0.338,-0.922,0.16
beta.PACC10,LEFL,-0.14,-0.88,0.645
beta.PACC10,HAFL,-0.414,-0.791,-0.086
beta.PACC10,GRFL,-0.148,-0.842,0.635
beta.PACC10,DUFL,-0.045,-0.295,0.22
beta.PACC10,COFL,-0.444,-0.759,-0.138
beta.PACC10,BLPH,-0.186,-0.865,0.471
beta.PACC10,SAPH,-0.143,-0.854,0.632
beta.PACC10,GRVI,-0.134,-0.859,0.592
beta.PACC10,PLVI,0.167,-0.193,0.515
beta.PACC10,WAVI,-0.518,-0.785,-0.249
beta.PACC10,REVI,-0.143,-0.83,0.643
beta.PACC10,CAJA,-0.528,-1.108,0.02
beta.PACC10,PIJA,-0.155,-0.834,0.62
beta.PACC10,STJA,-0.482,-0.81,-0.197
beta.PACC10,BLJA,-0.149,-0.899,0.594
beta.PACC10,WOSJ,-0.113,-0.789,0.633
beta.PACC10,CLNU,-0.37,-0.748,-0.038
beta.PACC10,BBMA,-0.002,-0.531,0.582
beta.PACC10,AMCR,0.1,-0.412,0.671
beta.PACC10,CORA,-0.067,-0.482,0.367
beta.PACC10,HOLA,-0.132,-0.86,0.664
beta.PACC10,TRES,-0.135,-0.506,0.179
beta.PACC10,VGSW,-0.017,-0.298,0.246
beta.PACC10,NRWS,0.017,-0.487,0.431
beta.PACC10,PUMA,-0.139,-0.83,0.573
beta.PACC10,BARS,-0.213,-0.824,0.41
beta.PACC10,CLSW,0.278,-0.347,0.788
beta.PACC10,BCCH,-0.028,-0.465,0.39
beta.PACC10,MOCH,-0.687,-1.033,-0.325
beta.PACC10,JUTI,-0.139,-0.903,0.557
beta.PACC10,BUSH,0.042,-0.745,0.689
beta.PACC10,RBNU,-0.475,-0.84,-0.124
beta.PACC10,WBNU,-0.253,-0.593,0.036
beta.PACC10,PYNU,-0.173,-0.43,0.127
beta.PACC10,BRCR,-0.357,-0.86,0.134
beta.PACC10,ROWR,0.229,-0.112,0.576
beta.PACC10,CANW,-0.167,-0.852,0.421
beta.PACC10,HOWR,0.004,-0.261,0.305
beta.PACC10,BEWR,-0.137,-0.854,0.599
beta.PACC10,BGGN,0.19,-0.281,0.662
beta.PACC10,AMDI,-0.235,-0.845,0.385
beta.PACC10,GCKI,-0.393,-0.942,0.19
beta.PACC10,RCKI,-1.012,-1.39,-0.655
beta.PACC10,WEBL,-0.008,-0.356,0.326
beta.PACC10,MOBL,0.451,0.106,0.774
beta.PACC10,TOSO,-0.372,-0.666,-0.057
beta.PACC10,VEER,-0.141,-0.863,0.45
beta.PACC10,SWTH,-0.273,-0.878,0.373
beta.PACC10,HETH,-0.71,-1.056,-0.371
beta.PACC10,AMRO,-0.403,-0.673,-0.1
beta.PACC10,GRCA,-0.031,-0.497,0.446
beta.PACC10,SATH,-0.136,-0.848,0.608
beta.PACC10,NOMO,-0.14,-0.889,0.586
beta.PACC10,EUST,-0.12,-0.855,0.628
beta.PACC10,CEDW,0.148,-0.33,0.64
beta.PACC10,HOSP,-0.129,-0.873,0.577
beta.PACC10,EVGR,-0.409,-0.762,-0.009
beta.PACC10,PIGR,-0.198,-0.766,0.3
beta.PACC10,HOFI,0.093,-0.412,0.543
beta.PACC10,CAFI,0.028,-0.413,0.391
beta.PACC10,RECR,-0.271,-0.569,0.039
beta.PACC10,PISI,-0.569,-0.859,-0.286
beta.PACC10,LEGO,-0.526,-1.08,0.033
beta.PACC10,AMGO,-0.131,-0.62,0.357
beta.PACC10,BTSP,-0.139,-0.895,0.599
beta.PACC10,LASP,-0.194,-0.957,0.491
beta.PACC10,CHSP,-0.068,-0.348,0.244
beta.PACC10,BRSP,0.296,-0.178,0.767
beta.PACC10,FOSP,-0.07,-0.668,0.509
beta.PACC10,DEJU,-0.718,-1.099,-0.419
beta.PACC10,WCSP,-0.118,-0.751,0.46
beta.PACC10,VESP,0.446,0.125,0.764
beta.PACC10,SAVS,-0.161,-0.896,0.578
beta.PACC10,SOSP,-0.064,-0.412,0.287
beta.PACC10,LISP,-0.523,-0.969,-0.176
beta.PACC10,GTTO,0.432,0.123,0.705
beta.PACC10,SPTO,0.202,-0.103,0.493
beta.PACC10,YBCH,-0.146,-0.834,0.614
beta.PACC10,WEME,0.622,0.204,1.033
beta.PACC10,BUOR,-0.193,-0.855,0.467
beta.PACC10,RWBL,-0.078,-0.448,0.303
beta.PACC10,BHCO,0.178,-0.134,0.524
beta.PACC10,BRBL,0.13,-0.446,0.656
beta.PACC10,COGR,0.321,-0.276,0.857
beta.PACC10,OVEN,-0.272,-0.983,0.355
beta.PACC10,OCWA,-0.272,-0.847,0.348
beta.PACC10,VIWA,0.198,-0.105,0.481
beta.PACC10,MGWA,-0.188,-0.556,0.184
beta.PACC10,COYE,-0.053,-0.594,0.516
beta.PACC10,AMRE,-0.148,-0.838,0.598
beta.PACC10,YEWA,-0.198,-0.58,0.121
beta.PACC10,YRWA,-0.389,-0.731,-0.04
beta.PACC10,GRWA,-0.127,-0.794,0.655
beta.PACC10,BTYW,-0.121,-0.837,0.639
beta.PACC10,WIWA,-0.251,-0.712,0.213
beta.PACC10,HETA,-0.147,-0.858,0.567
beta.PACC10,WETA,-0.398,-0.681,-0.136
beta.PACC10,BHGR,-0.105,-0.377,0.18
beta.PACC10,BLGR,-0.205,-0.897,0.497
beta.PACC10,LAZB,0.161,-0.313,0.647
beta.PACC40.mu,Community,0.11,0.014,0.193
sigma.beta.PACC40,Community,0.29,0.209,0.386
beta.PACC40,ROPI,0.121,-0.519,0.624
beta.PACC40,BTPI,-0.008,-0.584,0.56
beta.PACC40,EUCD,0.107,-0.486,0.65
beta.PACC40,MODO,0.337,0.034,0.603
beta.PACC40,CONI,0.459,-0.015,0.949
beta.PACC40,COPO,0.148,-0.421,0.672
beta.PACC40,WTSW,-0.022,-0.543,0.505
beta.PACC40,BCHU,0.318,-0.168,0.77
beta.PACC40,BTHU,0.419,0.021,0.82
beta.PACC40,KILL,0.239,-0.285,0.802
beta.PACC40,WISN,0.179,-0.36,0.742
beta.PACC40,SPSA,0.126,-0.419,0.647
beta.PACC40,BEKI,0.153,-0.348,0.719
beta.PACC40,LEWO,0.016,-0.532,0.544
beta.PACC40,ACWO,0.112,-0.465,0.686
beta.PACC40,WISA,0.15,-0.228,0.527
beta.PACC40,RNSA,0.119,-0.213,0.449
beta.PACC40,ATTW,-0.254,-0.756,0.173
beta.PACC40,DOWO,0.058,-0.421,0.557
beta.PACC40,HAWO,0.188,-0.143,0.504
beta.PACC40,NOFL,0.115,-0.269,0.443
beta.PACC40,ATFL,0.115,-0.428,0.702
beta.PACC40,CAKI,0.109,-0.497,0.662
beta.PACC40,WEKI,0.323,-0.213,0.852
beta.PACC40,EAKI,0.101,-0.469,0.744
beta.PACC40,OSFL,0.462,0.167,0.816
beta.PACC40,WEWP,0.829,0.527,1.158
beta.PACC40,WIFL,0.009,-0.531,0.502
beta.PACC40,LEFL,0.113,-0.471,0.717
beta.PACC40,HAFL,0.182,-0.085,0.451
beta.PACC40,GRFL,0.101,-0.473,0.665
beta.PACC40,DUFL,0.112,-0.127,0.382
beta.PACC40,COFL,0.036,-0.24,0.303
beta.PACC40,BLPH,0.207,-0.349,0.78
beta.PACC40,SAPH,0.109,-0.558,0.635
beta.PACC40,GRVI,0.102,-0.501,0.672
beta.PACC40,PLVI,0.215,-0.077,0.528
beta.PACC40,WAVI,-0.342,-0.667,-0.033
beta.PACC40,REVI,0.103,-0.423,0.76
beta.PACC40,CAJA,0.096,-0.379,0.499
beta.PACC40,PIJA,0.113,-0.486,0.69
beta.PACC40,STJA,0.305,-0.042,0.642
beta.PACC40,BLJA,0.124,-0.5,0.699
beta.PACC40,WOSJ,0.117,-0.494,0.648
beta.PACC40,CLNU,0.081,-0.198,0.375
beta.PACC40,BBMA,-0.068,-0.625,0.438
beta.PACC40,AMCR,0.035,-0.384,0.433
beta.PACC40,CORA,0.086,-0.248,0.413
beta.PACC40,HOLA,0.106,-0.414,0.683
beta.PACC40,TRES,-0.115,-0.517,0.278
beta.PACC40,VGSW,0.304,-0.018,0.613
beta.PACC40,NRWS,-0.083,-0.615,0.414
beta.PACC40,PUMA,0.108,-0.5,0.69
beta.PACC40,BARS,0.073,-0.461,0.627
beta.PACC40,CLSW,0.253,-0.23,0.821
beta.PACC40,BCCH,0.139,-0.278,0.524
beta.PACC40,MOCH,-0.099,-0.545,0.335
beta.PACC40,JUTI,0.095,-0.459,0.662
beta.PACC40,BUSH,0.162,-0.369,0.816
beta.PACC40,RBNU,-0.146,-0.462,0.134
beta.PACC40,WBNU,0.155,-0.16,0.469
beta.PACC40,PYNU,0.545,0.259,0.847
beta.PACC40,BRCR,0.15,-0.211,0.556
beta.PACC40,ROWR,0.167,-0.221,0.578
beta.PACC40,CANW,0.238,-0.336,0.719
beta.PACC40,HOWR,0.218,-0.061,0.532
beta.PACC40,BEWR,0.112,-0.483,0.706
beta.PACC40,BGGN,0.265,-0.238,0.795
beta.PACC40,AMDI,0.132,-0.383,0.636
beta.PACC40,GCKI,-0.164,-0.579,0.289
beta.PACC40,RCKI,-0.196,-0.501,0.105
beta.PACC40,WEBL,0.474,0.082,0.862
beta.PACC40,MOBL,0.101,-0.28,0.495
beta.PACC40,TOSO,0.332,0.021,0.604
beta.PACC40,VEER,0.111,-0.453,0.634
beta.PACC40,SWTH,-0.292,-0.778,0.188
beta.PACC40,HETH,-0.183,-0.481,0.135
beta.PACC40,AMRO,0.169,-0.199,0.539
beta.PACC40,GRCA,-0.067,-0.553,0.467
beta.PACC40,SATH,0.121,-0.484,0.692
beta.PACC40,NOMO,0.111,-0.496,0.663
beta.PACC40,EUST,0.114,-0.457,0.737
beta.PACC40,CEDW,0.281,-0.214,0.788
beta.PACC40,HOSP,0.09,-0.448,0.698
beta.PACC40,EVGR,0.075,-0.258,0.372
beta.PACC40,PIGR,-0.038,-0.505,0.437
beta.PACC40,HOFI,0.105,-0.342,0.579
beta.PACC40,CAFI,0.243,-0.179,0.604
beta.PACC40,RECR,0.217,-0.088,0.475
beta.PACC40,PISI,-0.071,-0.361,0.231
beta.PACC40,LEGO,0.22,-0.247,0.619
beta.PACC40,AMGO,0.195,-0.231,0.634
beta.PACC40,BTSP,0.105,-0.419,0.719
beta.PACC40,LASP,-0.044,-0.627,0.474
beta.PACC40,CHSP,0.053,-0.212,0.331
beta.PACC40,BRSP,-0.036,-0.519,0.494
beta.PACC40,FOSP,0.026,-0.504,0.532
beta.PACC40,DEJU,-0.228,-0.674,0.187
beta.PACC40,WCSP,-0.061,-0.64,0.477
beta.PACC40,VESP,0.106,-0.317,0.527
beta.PACC40,SAVS,0.106,-0.499,0.677
beta.PACC40,SOSP,-0.014,-0.442,0.337
beta.PACC40,LISP,-0.068,-0.389,0.253
beta.PACC40,GTTO,0.008,-0.286,0.326
beta.PACC40,SPTO,0.148,-0.214,0.501
beta.PACC40,YBCH,0.106,-0.453,0.686
beta.PACC40,WEME,-0.056,-0.566,0.51
beta.PACC40,BUOR,0.27,-0.315,0.77
beta.PACC40,RWBL,0.021,-0.441,0.458
beta.PACC40,BHCO,0.452,0.128,0.797
beta.PACC40,BRBL,0.207,-0.365,0.725
beta.PACC40,COGR,0.214,-0.325,0.766
beta.PACC40,OVEN,0.047,-0.486,0.562
beta.PACC40,OCWA,-0.182,-0.673,0.261
beta.PACC40,VIWA,0.198,-0.12,0.51
beta.PACC40,MGWA,-0.073,-0.413,0.305
beta.PACC40,COYE,0.027,-0.528,0.534
beta.PACC40,AMRE,0.098,-0.476,0.699
beta.PACC40,YEWA,0.016,-0.378,0.392
beta.PACC40,YRWA,0.073,-0.324,0.468
beta.PACC40,GRWA,0.122,-0.469,0.723
beta.PACC40,BTYW,0.107,-0.444,0.71
beta.PACC40,WIWA,-0.052,-0.458,0.336
beta.PACC40,HETA,0.101,-0.497,0.679
beta.PACC40,WETA,0.199,-0.128,0.491
beta.PACC40,BHGR,0.137,-0.156,0.465
beta.PACC40,BLGR,0.087,-0.47,0.664
beta.PACC40,LAZB,0.222,-0.283,0.727
beta.PAROpn.mu,Community,-0.001,-0.063,0.058
sigma.beta.PAROpn,Community,0.12,0.033,0.207
beta.PAROpn,ROPI,-0.003,-0.264,0.238
beta.PAROpn,BTPI,-0.005,-0.294,0.242
beta.PAROpn,EUCD,-0.002,-0.276,0.271
beta.PAROpn,MODO,-0.056,-0.262,0.125
beta.PAROpn,CONI,0.001,-0.263,0.243
beta.PAROpn,COPO,0.019,-0.212,0.294
beta.PAROpn,WTSW,-0.025,-0.302,0.191
beta.PAROpn,BCHU,0.013,-0.225,0.237
beta.PAROpn,BTHU,-0.052,-0.298,0.163
beta.PAROpn,KILL,-0.008,-0.281,0.233
beta.PAROpn,WISN,0.02,-0.196,0.291
beta.PAROpn,SPSA,-0.027,-0.275,0.234
beta.PAROpn,BEKI,-0.047,-0.354,0.169
beta.PAROpn,LEWO,-0.001,-0.253,0.255
beta.PAROpn,ACWO,-0.003,-0.264,0.254
beta.PAROpn,WISA,0.067,-0.156,0.292
beta.PAROpn,RNSA,0.118,-0.078,0.387
beta.PAROpn,ATTW,0.037,-0.187,0.288
beta.PAROpn,DOWO,0.007,-0.251,0.239
beta.PAROpn,HAWO,0.008,-0.194,0.232
beta.PAROpn,NOFL,0.018,-0.165,0.259
beta.PAROpn,ATFL,-0.002,-0.235,0.311
beta.PAROpn,CAKI,0.001,-0.261,0.258
beta.PAROpn,WEKI,-0.003,-0.291,0.236
beta.PAROpn,EAKI,0.007,-0.234,0.263
beta.PAROpn,OSFL,-0.001,-0.203,0.193
beta.PAROpn,WEWP,-0.04,-0.253,0.137
beta.PAROpn,WIFL,0.008,-0.222,0.267
beta.PAROpn,LEFL,0.001,-0.267,0.255
beta.PAROpn,HAFL,0.043,-0.134,0.244
beta.PAROpn,GRFL,0.004,-0.275,0.27
beta.PAROpn,DUFL,0.183,-0.016,0.444
beta.PAROpn,COFL,-0.05,-0.257,0.112
beta.PAROpn,BLPH,0.014,-0.235,0.287
beta.PAROpn,SAPH,-0.005,-0.267,0.248
beta.PAROpn,GRVI,-0.002,-0.247,0.255
beta.PAROpn,PLVI,-0.105,-0.347,0.075
beta.PAROpn,WAVI,0.049,-0.146,0.271
beta.PAROpn,REVI,-0.001,-0.306,0.239
beta.PAROpn,CAJA,-0.013,-0.26,0.215
beta.PAROpn,PIJA,0.002,-0.238,0.263
beta.PAROpn,STJA,-0.019,-0.261,0.19
beta.PAROpn,BLJA,0,-0.253,0.273
beta.PAROpn,WOSJ,-0.001,-0.233,0.282
beta.PAROpn,CLNU,-0.018,-0.228,0.173
beta.PAROpn,BBMA,0.002,-0.262,0.246
beta.PAROpn,AMCR,-0.093,-0.363,0.124
beta.PAROpn,CORA,-0.032,-0.247,0.174
beta.PAROpn,HOLA,-0.002,-0.275,0.236
beta.PAROpn,TRES,0.056,-0.136,0.295
beta.PAROpn,VGSW,-0.02,-0.217,0.167
beta.PAROpn,NRWS,-0.038,-0.318,0.183
beta.PAROpn,PUMA,0,-0.263,0.264
beta.PAROpn,BARS,-0.015,-0.303,0.22
beta.PAROpn,CLSW,0.021,-0.211,0.293
beta.PAROpn,BCCH,0.047,-0.181,0.305
beta.PAROpn,MOCH,-0.022,-0.266,0.211
beta.PAROpn,JUTI,-0.004,-0.251,0.259
beta.PAROpn,BUSH,0.016,-0.243,0.274
beta.PAROpn,RBNU,-0.01,-0.19,0.194
beta.PAROpn,WBNU,-0.05,-0.282,0.114
beta.PAROpn,PYNU,-0.106,-0.321,0.074
beta.PAROpn,BRCR,-0.094,-0.335,0.125
beta.PAROpn,ROWR,0.005,-0.225,0.217
beta.PAROpn,CANW,0.02,-0.219,0.291
beta.PAROpn,HOWR,-0.019,-0.22,0.189
beta.PAROpn,BEWR,0.002,-0.256,0.272
beta.PAROpn,BGGN,0.041,-0.185,0.32
beta.PAROpn,AMDI,0.005,-0.276,0.24
beta.PAROpn,GCKI,0.015,-0.198,0.259
beta.PAROpn,RCKI,0.023,-0.179,0.216
beta.PAROpn,WEBL,-0.064,-0.288,0.14
beta.PAROpn,MOBL,0.022,-0.187,0.246
beta.PAROpn,TOSO,-0.001,-0.187,0.192
beta.PAROpn,VEER,0.006,-0.25,0.272
beta.PAROpn,SWTH,0.002,-0.255,0.248
beta.PAROpn,HETH,0.058,-0.142,0.258
beta.PAROpn,AMRO,0.076,-0.134,0.343
beta.PAROpn,GRCA,-0.018,-0.295,0.213
beta.PAROpn,SATH,-0.005,-0.266,0.243
beta.PAROpn,NOMO,0.002,-0.255,0.256
beta.PAROpn,EUST,0.001,-0.244,0.259
beta.PAROpn,CEDW,0.02,-0.216,0.286
beta.PAROpn,HOSP,-0.002,-0.261,0.254
beta.PAROpn,EVGR,0.025,-0.188,0.242
beta.PAROpn,PIGR,-0.003,-0.259,0.213
beta.PAROpn,HOFI,-0.025,-0.298,0.213
beta.PAROpn,CAFI,0.061,-0.147,0.315
beta.PAROpn,RECR,-0.023,-0.21,0.165
beta.PAROpn,PISI,0.003,-0.203,0.191
beta.PAROpn,LEGO,-0.004,-0.243,0.206
beta.PAROpn,AMGO,0.022,-0.207,0.28
beta.PAROpn,BTSP,0.002,-0.281,0.234
beta.PAROpn,LASP,0.021,-0.208,0.328
beta.PAROpn,CHSP,-0.018,-0.204,0.171
beta.PAROpn,BRSP,0.001,-0.259,0.251
beta.PAROpn,FOSP,-0.005,-0.272,0.27
beta.PAROpn,DEJU,-0.051,-0.318,0.153
beta.PAROpn,WCSP,-0.003,-0.272,0.237
beta.PAROpn,VESP,0.008,-0.221,0.252
beta.PAROpn,SAVS,-0.002,-0.261,0.27
beta.PAROpn,SOSP,0.008,-0.207,0.252
beta.PAROpn,LISP,0,-0.218,0.193
beta.PAROpn,GTTO,-0.097,-0.323,0.068
beta.PAROpn,SPTO,0.069,-0.115,0.336
beta.PAROpn,YBCH,-0.005,-0.275,0.25
beta.PAROpn,WEME,-0.012,-0.268,0.229
beta.PAROpn,BUOR,-0.004,-0.277,0.236
beta.PAROpn,RWBL,-0.07,-0.351,0.148
beta.PAROpn,BHCO,0.023,-0.165,0.244
beta.PAROpn,BRBL,0.015,-0.244,0.247
beta.PAROpn,COGR,0.036,-0.19,0.307
beta.PAROpn,OVEN,-0.028,-0.305,0.219
beta.PAROpn,OCWA,0.013,-0.208,0.268
beta.PAROpn,VIWA,0,-0.201,0.206
beta.PAROpn,MGWA,0.04,-0.156,0.278
beta.PAROpn,COYE,-0.009,-0.282,0.211
beta.PAROpn,AMRE,0.002,-0.249,0.271
beta.PAROpn,YEWA,0.017,-0.19,0.245
beta.PAROpn,YRWA,-0.002,-0.22,0.234
beta.PAROpn,GRWA,-0.002,-0.281,0.25
beta.PAROpn,BTYW,0.005,-0.241,0.278
beta.PAROpn,WIWA,-0.087,-0.353,0.116
beta.PAROpn,HETA,0,-0.263,0.257
beta.PAROpn,WETA,-0.043,-0.243,0.157
beta.PAROpn,BHGR,0.029,-0.158,0.258
beta.PAROpn,BLGR,-0.006,-0.251,0.239
beta.PAROpn,LAZB,0.006,-0.266,0.246
beta.Latitude.mu,Community,-0.097,-0.235,0.024
sigma.beta.Latitude,Community,0.535,0.434,0.641
beta.Latitude,ROPI,-0.088,-1.129,0.959
beta.Latitude,BTPI,-0.294,-1.213,0.709
beta.Latitude,EUCD,-0.086,-1.079,0.965
beta.Latitude,MODO,0.179,-0.094,0.486
beta.Latitude,CONI,0.325,-0.251,0.889
beta.Latitude,COPO,0.097,-0.865,1.022
beta.Latitude,WTSW,-0.324,-1.096,0.454
beta.Latitude,BCHU,-0.159,-0.748,0.429
beta.Latitude,BTHU,0.278,-0.161,0.749
beta.Latitude,KILL,-0.227,-1.17,0.719
beta.Latitude,WISN,0.383,-0.4,1.324
beta.Latitude,SPSA,-0.38,-1.333,0.532
beta.Latitude,BEKI,-0.105,-0.935,0.776
beta.Latitude,LEWO,-0.202,-0.986,0.615
beta.Latitude,ACWO,-0.09,-1.112,0.93
beta.Latitude,WISA,-1.395,-1.86,-0.996
beta.Latitude,RNSA,-0.646,-0.98,-0.282
beta.Latitude,ATTW,0.479,-0.085,1.018
beta.Latitude,DOWO,-0.226,-0.83,0.365
beta.Latitude,HAWO,0.248,-0.15,0.634
beta.Latitude,NOFL,-0.444,-0.848,-0.054
beta.Latitude,ATFL,-0.087,-1.069,0.905
beta.Latitude,CAKI,-0.123,-1.293,0.88
beta.Latitude,WEKI,-0.402,-1.356,0.432
beta.Latitude,EAKI,-0.08,-1.176,0.963
beta.Latitude,OSFL,-0.577,-1.016,-0.206
beta.Latitude,WEWP,-0.25,-0.529,0.045
beta.Latitude,WIFL,-0.632,-1.324,0.026
beta.Latitude,LEFL,-0.095,-1.021,1.053
beta.Latitude,HAFL,-0.048,-0.339,0.239
beta.Latitude,GRFL,-0.085,-1.171,0.903
beta.Latitude,DUFL,0.603,0.31,0.887
beta.Latitude,COFL,-0.334,-0.601,-0.066
beta.Latitude,BLPH,-0.221,-1.142,0.803
beta.Latitude,SAPH,-0.09,-1.129,1.008
beta.Latitude,GRVI,-0.094,-1.052,0.971
beta.Latitude,PLVI,0.081,-0.232,0.387
beta.Latitude,WAVI,0.078,-0.241,0.447
beta.Latitude,REVI,-0.079,-1.128,0.897
beta.Latitude,CAJA,-0.778,-1.321,-0.247
beta.Latitude,PIJA,-0.108,-1.2,0.875
beta.Latitude,STJA,-0.44,-0.782,-0.087
beta.Latitude,BLJA,-0.081,-1.192,0.887
beta.Latitude,WOSJ,0.136,-0.896,0.985
beta.Latitude,CLNU,-0.106,-0.398,0.186
beta.Latitude,BBMA,-0.016,-0.756,0.721
beta.Latitude,AMCR,0.231,-0.26,0.738
beta.Latitude,CORA,-0.175,-0.546,0.189
beta.Latitude,HOLA,-0.11,-1.114,0.947
beta.Latitude,TRES,0.455,0.082,0.868
beta.Latitude,VGSW,-0.39,-0.68,-0.058
beta.Latitude,NRWS,-0.596,-1.412,0.207
beta.Latitude,PUMA,-0.089,-1.181,0.907
beta.Latitude,BARS,-0.252,-1.2,0.546
beta.Latitude,CLSW,0.503,-0.237,1.259
beta.Latitude,BCCH,-0.094,-0.59,0.459
beta.Latitude,MOCH,-0.111,-0.677,0.55
beta.Latitude,JUTI,-0.104,-1.048,1.052
beta.Latitude,BUSH,0.159,-0.775,1.095
beta.Latitude,RBNU,-0.023,-0.355,0.287
beta.Latitude,WBNU,-0.31,-0.645,0.022
beta.Latitude,PYNU,-0.311,-0.586,-0.011
beta.Latitude,BRCR,-0.324,-0.746,0.072
beta.Latitude,ROWR,0.755,0.264,1.203
beta.Latitude,CANW,0.451,-0.355,1.268
beta.Latitude,HOWR,0.525,0.186,0.868
beta.Latitude,BEWR,-0.107,-1.131,0.901
beta.Latitude,BGGN,0.535,-0.234,1.287
beta.Latitude,AMDI,0.174,-0.511,0.972
beta.Latitude,GCKI,-0.336,-0.874,0.171
beta.Latitude,RCKI,-0.658,-0.973,-0.321
beta.Latitude,WEBL,-1.113,-1.604,-0.646
beta.Latitude,MOBL,0.463,0.079,0.871
beta.Latitude,TOSO,-0.12,-0.44,0.193
beta.Latitude,VEER,-0.439,-1.388,0.41
beta.Latitude,SWTH,-0.263,-0.882,0.327
beta.Latitude,HETH,-0.405,-0.721,-0.067
beta.Latitude,AMRO,0.011,-0.404,0.426
beta.Latitude,GRCA,-0.354,-1.149,0.384
beta.Latitude,SATH,-0.094,-1.127,0.946
beta.Latitude,NOMO,-0.07,-1.24,0.838
beta.Latitude,EUST,-0.086,-1.166,0.945
beta.Latitude,CEDW,-0.461,-1.166,0.163
beta.Latitude,HOSP,-0.077,-1.121,0.996
beta.Latitude,EVGR,-1.736,-2.23,-1.261
beta.Latitude,PIGR,-0.153,-0.757,0.386
beta.Latitude,HOFI,-0.401,-1.075,0.302
beta.Latitude,CAFI,-0.203,-0.632,0.254
beta.Latitude,RECR,-0.118,-0.414,0.151
beta.Latitude,PISI,-0.392,-0.695,-0.07
beta.Latitude,LEGO,0.358,-0.088,0.877
beta.Latitude,AMGO,0.863,0.321,1.386
beta.Latitude,BTSP,-0.094,-1.131,0.947
beta.Latitude,LASP,-0.264,-1.112,0.741
beta.Latitude,CHSP,-0.167,-0.448,0.12
beta.Latitude,BRSP,0.426,-0.292,1.185
beta.Latitude,FOSP,-0.527,-1.383,0.303
beta.Latitude,DEJU,-0.401,-0.905,0.126
beta.Latitude,WCSP,0.228,-0.673,0.953
beta.Latitude,VESP,0.106,-0.413,0.572
beta.Latitude,SAVS,-0.087,-1.103,0.957
beta.Latitude,SOSP,0.298,-0.162,0.806
beta.Latitude,LISP,-0.244,-0.555,0.084
beta.Latitude,GTTO,1.104,0.784,1.42
beta.Latitude,SPTO,0.458,0.071,0.888
beta.Latitude,YBCH,-0.088,-1.122,0.962
beta.Latitude,WEME,-0.33,-1.217,0.482
beta.Latitude,BUOR,0.083,-0.82,0.932
beta.Latitude,RWBL,-0.288,-0.859,0.31
beta.Latitude,BHCO,-0.636,-0.963,-0.299
beta.Latitude,BRBL,0.206,-0.561,1.009
beta.Latitude,COGR,0.293,-0.506,1.18
beta.Latitude,OVEN,0.316,-0.504,1.066
beta.Latitude,OCWA,0.197,-0.279,0.746
beta.Latitude,VIWA,-0.175,-0.538,0.198
beta.Latitude,MGWA,0.038,-0.332,0.403
beta.Latitude,COYE,0.14,-0.612,0.883
beta.Latitude,AMRE,-0.089,-1.126,1.004
beta.Latitude,YEWA,0.195,-0.232,0.642
beta.Latitude,YRWA,-0.097,-0.569,0.394
beta.Latitude,GRWA,-0.094,-1.041,1.076
beta.Latitude,BTYW,-0.11,-1.072,1.02
beta.Latitude,WIWA,-0.356,-0.82,0.147
beta.Latitude,HETA,-0.101,-1.161,0.897
beta.Latitude,WETA,-0.408,-0.754,-0.086
beta.Latitude,BHGR,-0.611,-0.925,-0.281
beta.Latitude,BLGR,-0.006,-0.875,1.014
beta.Latitude,LAZB,-0.015,-0.747,0.716
beta.heatload.mu,Community,0.075,0.003,0.15
sigma.beta.heatload,Community,0.22,0.142,0.303
beta.heatload,ROPI,0.073,-0.386,0.538
beta.heatload,BTPI,0.073,-0.38,0.504
beta.heatload,EUCD,0.083,-0.343,0.516
beta.heatload,MODO,0.093,-0.129,0.339
beta.heatload,CONI,-0.127,-0.492,0.291
beta.heatload,COPO,0.135,-0.285,0.589
beta.heatload,WTSW,-0.179,-0.628,0.208
beta.heatload,BCHU,0.163,-0.182,0.578
beta.heatload,BTHU,-0.028,-0.351,0.294
beta.heatload,KILL,0.083,-0.339,0.538
beta.heatload,WISN,0.035,-0.43,0.473
beta.heatload,SPSA,0.084,-0.398,0.491
beta.heatload,BEKI,0.163,-0.203,0.617
beta.heatload,LEWO,0.112,-0.322,0.531
beta.heatload,ACWO,0.072,-0.363,0.522
beta.heatload,WISA,0.139,-0.16,0.475
beta.heatload,RNSA,0.298,-0.019,0.606
beta.heatload,ATTW,-0.055,-0.417,0.315
beta.heatload,DOWO,0.075,-0.319,0.453
beta.heatload,HAWO,-0.001,-0.295,0.303
beta.heatload,NOFL,0.18,-0.1,0.449
beta.heatload,ATFL,0.074,-0.374,0.511
beta.heatload,CAKI,0.076,-0.338,0.555
beta.heatload,WEKI,0.126,-0.326,0.586
beta.heatload,EAKI,0.061,-0.422,0.47
beta.heatload,OSFL,0.185,-0.111,0.503
beta.heatload,WEWP,0.051,-0.175,0.287
beta.heatload,WIFL,0.197,-0.204,0.635
beta.heatload,LEFL,0.069,-0.405,0.524
beta.heatload,HAFL,0.08,-0.179,0.325
beta.heatload,GRFL,0.059,-0.376,0.507
beta.heatload,DUFL,0.196,-0.038,0.422
beta.heatload,COFL,-0.162,-0.369,0.095
beta.heatload,BLPH,0.065,-0.362,0.469
beta.heatload,SAPH,0.077,-0.357,0.526
beta.heatload,GRVI,0.073,-0.405,0.484
beta.heatload,PLVI,0.063,-0.201,0.325
beta.heatload,WAVI,0.213,-0.049,0.478
beta.heatload,REVI,0.076,-0.382,0.498
beta.heatload,CAJA,0.089,-0.277,0.441
beta.heatload,PIJA,0.071,-0.408,0.484
beta.heatload,STJA,0.045,-0.218,0.301
beta.heatload,BLJA,0.065,-0.406,0.53
beta.heatload,WOSJ,-0.011,-0.509,0.406
beta.heatload,CLNU,-0.013,-0.295,0.227
beta.heatload,BBMA,0.193,-0.22,0.659
beta.heatload,AMCR,-0.138,-0.496,0.204
beta.heatload,CORA,-0.206,-0.523,0.083
beta.heatload,HOLA,0.07,-0.34,0.54
beta.heatload,TRES,0.251,-0.027,0.601
beta.heatload,VGSW,0.301,0.058,0.592
beta.heatload,NRWS,0.143,-0.285,0.577
beta.heatload,PUMA,0.063,-0.394,0.519
beta.heatload,BARS,0.06,-0.383,0.504
beta.heatload,CLSW,0.144,-0.265,0.551
beta.heatload,BCCH,0.021,-0.294,0.372
beta.heatload,MOCH,0.078,-0.253,0.449
beta.heatload,JUTI,0.084,-0.316,0.555
beta.heatload,BUSH,0.121,-0.331,0.519
beta.heatload,RBNU,-0.216,-0.495,0.059
beta.heatload,WBNU,-0.019,-0.256,0.232
beta.heatload,PYNU,0.037,-0.201,0.253
beta.heatload,BRCR,-0.114,-0.43,0.181
beta.heatload,ROWR,0.148,-0.154,0.437
beta.heatload,CANW,0.126,-0.286,0.548
beta.heatload,HOWR,0.279,0.03,0.565
beta.heatload,BEWR,0.066,-0.403,0.474
beta.heatload,BGGN,0.082,-0.337,0.476
beta.heatload,AMDI,0.063,-0.37,0.456
beta.heatload,GCKI,-0.085,-0.471,0.249
beta.heatload,RCKI,0.037,-0.197,0.29
beta.heatload,WEBL,0.222,-0.153,0.572
beta.heatload,MOBL,0.151,-0.16,0.49
beta.heatload,TOSO,-0.021,-0.271,0.218
beta.heatload,VEER,0.061,-0.357,0.535
beta.heatload,SWTH,0.066,-0.31,0.428
beta.heatload,HETH,0.113,-0.127,0.347
beta.heatload,AMRO,0.232,-0.043,0.511
beta.heatload,GRCA,0.127,-0.289,0.551
beta.heatload,SATH,0.069,-0.348,0.544
beta.heatload,NOMO,0.072,-0.366,0.511
beta.heatload,EUST,0.065,-0.339,0.525
beta.heatload,CEDW,-0.071,-0.492,0.314
beta.heatload,HOSP,0.075,-0.392,0.507
beta.heatload,EVGR,0.083,-0.219,0.398
beta.heatload,PIGR,0.068,-0.308,0.438
beta.heatload,HOFI,0,-0.435,0.35
beta.heatload,CAFI,-0.05,-0.392,0.265
beta.heatload,RECR,0.026,-0.2,0.278
beta.heatload,PISI,0.045,-0.198,0.284
beta.heatload,LEGO,0.133,-0.189,0.483
beta.heatload,AMGO,0.068,-0.252,0.408
beta.heatload,BTSP,0.083,-0.384,0.519
beta.heatload,LASP,0.087,-0.349,0.532
beta.heatload,CHSP,0.324,0.115,0.56
beta.heatload,BRSP,0.209,-0.198,0.633
beta.heatload,FOSP,0.066,-0.364,0.52
beta.heatload,DEJU,0.142,-0.18,0.509
beta.heatload,WCSP,0.086,-0.35,0.509
beta.heatload,VESP,0.377,-0.039,0.762
beta.heatload,SAVS,0.073,-0.338,0.539
beta.heatload,SOSP,0.277,-0.078,0.636
beta.heatload,LISP,0.087,-0.196,0.37
beta.heatload,GTTO,0.101,-0.127,0.334
beta.heatload,SPTO,-0.122,-0.382,0.156
beta.heatload,YBCH,0.062,-0.416,0.489
beta.heatload,WEME,0.16,-0.267,0.588
beta.heatload,BUOR,0.057,-0.393,0.449
beta.heatload,RWBL,0.199,-0.184,0.598
beta.heatload,BHCO,0.345,0.06,0.661
beta.heatload,BRBL,0.058,-0.365,0.485
beta.heatload,COGR,0.093,-0.349,0.507
beta.heatload,OVEN,-0.05,-0.496,0.333
beta.heatload,OCWA,0.06,-0.297,0.445
beta.heatload,VIWA,-0.259,-0.535,0.041
beta.heatload,MGWA,-0.273,-0.596,0.009
beta.heatload,COYE,0.172,-0.28,0.577
beta.heatload,AMRE,0.065,-0.36,0.518
beta.heatload,YEWA,0.279,-0.084,0.618
beta.heatload,YRWA,0.007,-0.304,0.341
beta.heatload,GRWA,0.071,-0.379,0.526
beta.heatload,BTYW,0.078,-0.396,0.524
beta.heatload,WIWA,-0.159,-0.518,0.162
beta.heatload,HETA,0.082,-0.391,0.495
beta.heatload,WETA,0.073,-0.176,0.358
beta.heatload,BHGR,-0.027,-0.294,0.242
beta.heatload,BLGR,0.028,-0.409,0.438
beta.heatload,LAZB,0.059,-0.345,0.444
beta.TWI.mu,Community,0.091,0.003,0.175
sigma.beta.TWI,Community,0.325,0.257,0.418
beta.TWI,ROPI,0.078,-0.55,0.736
beta.TWI,BTPI,0,-0.647,0.608
beta.TWI,EUCD,0.084,-0.564,0.727
beta.TWI,MODO,0.107,-0.131,0.354
beta.TWI,CONI,-0.007,-0.453,0.437
beta.TWI,COPO,0.044,-0.62,0.567
beta.TWI,WTSW,-0.157,-0.73,0.363
beta.TWI,BCHU,0.05,-0.43,0.471
beta.TWI,BTHU,0.021,-0.336,0.399
beta.TWI,KILL,0.165,-0.451,0.766
beta.TWI,WISN,0.348,-0.229,0.903
beta.TWI,SPSA,0.497,-0.046,1.04
beta.TWI,BEKI,0.014,-0.588,0.567
beta.TWI,LEWO,0.001,-0.564,0.492
beta.TWI,ACWO,0.088,-0.609,0.672
beta.TWI,WISA,-0.127,-0.486,0.232
beta.TWI,RNSA,0.31,-0.021,0.64
beta.TWI,ATTW,0.155,-0.282,0.571
beta.TWI,DOWO,0.01,-0.461,0.501
beta.TWI,HAWO,0.133,-0.211,0.458
beta.TWI,NOFL,-0.035,-0.372,0.266
beta.TWI,ATFL,0.099,-0.515,0.715
beta.TWI,CAKI,0.089,-0.534,0.7
beta.TWI,WEKI,0.154,-0.408,0.731
beta.TWI,EAKI,0.086,-0.554,0.707
beta.TWI,OSFL,0.094,-0.176,0.38
beta.TWI,WEWP,0.395,0.151,0.679
beta.TWI,WIFL,-0.023,-0.499,0.448
beta.TWI,LEFL,0.077,-0.551,0.718
beta.TWI,HAFL,0.194,-0.065,0.454
beta.TWI,GRFL,0.079,-0.55,0.744
beta.TWI,DUFL,-0.028,-0.256,0.224
beta.TWI,COFL,-0.067,-0.302,0.172
beta.TWI,BLPH,0.05,-0.601,0.632
beta.TWI,SAPH,0.095,-0.537,0.719
beta.TWI,GRVI,0.072,-0.553,0.691
beta.TWI,PLVI,0.166,-0.078,0.437
beta.TWI,WAVI,-0.266,-0.538,-0.017
beta.TWI,REVI,0.071,-0.532,0.685
beta.TWI,CAJA,0.203,-0.248,0.603
beta.TWI,PIJA,0.08,-0.605,0.703
beta.TWI,STJA,0,-0.295,0.351
beta.TWI,BLJA,0.09,-0.538,0.722
beta.TWI,WOSJ,-0.022,-0.655,0.552
beta.TWI,CLNU,-0.049,-0.361,0.207
beta.TWI,BBMA,0.373,-0.136,0.877
beta.TWI,AMCR,-0.124,-0.519,0.275
beta.TWI,CORA,0.109,-0.196,0.421
beta.TWI,HOLA,0.094,-0.525,0.74
beta.TWI,TRES,0.512,0.186,0.85
beta.TWI,VGSW,0.319,0.042,0.575
beta.TWI,NRWS,0.511,0.033,0.955
beta.TWI,PUMA,0.078,-0.625,0.695
beta.TWI,BARS,0.392,-0.157,0.961
beta.TWI,CLSW,-0.159,-0.728,0.366
beta.TWI,BCCH,-0.111,-0.516,0.319
beta.TWI,MOCH,-0.049,-0.392,0.35
beta.TWI,JUTI,0.089,-0.515,0.732
beta.TWI,BUSH,0.025,-0.562,0.61
beta.TWI,RBNU,-0.152,-0.394,0.12
beta.TWI,WBNU,0.049,-0.218,0.319
beta.TWI,PYNU,0.326,0.061,0.569
beta.TWI,BRCR,-0.16,-0.479,0.147
beta.TWI,ROWR,-0.657,-1.109,-0.247
beta.TWI,CANW,-0.145,-0.762,0.38
beta.TWI,HOWR,-0.105,-0.384,0.147
beta.TWI,BEWR,0.087,-0.581,0.712
beta.TWI,BGGN,0.104,-0.334,0.63
beta.TWI,AMDI,0.177,-0.362,0.707
beta.TWI,GCKI,-0.158,-0.612,0.291
beta.TWI,RCKI,0.165,-0.081,0.426
beta.TWI,WEBL,0.438,0.085,0.762
beta.TWI,MOBL,0.185,-0.142,0.527
beta.TWI,TOSO,-0.159,-0.444,0.079
beta.TWI,VEER,0.193,-0.355,0.784
beta.TWI,SWTH,0.23,-0.239,0.694
beta.TWI,HETH,-0.161,-0.378,0.109
beta.TWI,AMRO,0.175,-0.148,0.509
beta.TWI,GRCA,0.517,0.082,1.022
beta.TWI,SATH,0.082,-0.547,0.715
beta.TWI,NOMO,0.082,-0.59,0.698
beta.TWI,EUST,0.078,-0.483,0.747
beta.TWI,CEDW,-0.018,-0.508,0.451
beta.TWI,HOSP,0.076,-0.571,0.681
beta.TWI,EVGR,0.081,-0.207,0.387
beta.TWI,PIGR,0.198,-0.302,0.666
beta.TWI,HOFI,0.08,-0.347,0.518
beta.TWI,CAFI,-0.052,-0.389,0.354
beta.TWI,RECR,0.295,0.014,0.536
beta.TWI,PISI,0.134,-0.106,0.381
beta.TWI,LEGO,-0.024,-0.423,0.386
beta.TWI,AMGO,0.365,-0.013,0.746
beta.TWI,BTSP,0.088,-0.561,0.731
beta.TWI,LASP,0.168,-0.392,0.798
beta.TWI,CHSP,0.18,-0.078,0.457
beta.TWI,BRSP,-0.142,-0.687,0.397
beta.TWI,FOSP,0.371,-0.149,0.945
beta.TWI,DEJU,-0.153,-0.517,0.172
beta.TWI,WCSP,0.23,-0.29,0.804
beta.TWI,VESP,0.616,0.266,0.96
beta.TWI,SAVS,0.095,-0.517,0.704
beta.TWI,SOSP,0.438,0.082,0.768
beta.TWI,LISP,0.458,0.18,0.781
beta.TWI,GTTO,-0.15,-0.402,0.091
beta.TWI,SPTO,-0.446,-0.796,-0.139
beta.TWI,YBCH,0.086,-0.544,0.708
beta.TWI,WEME,0.115,-0.407,0.613
beta.TWI,BUOR,0.116,-0.428,0.762
beta.TWI,RWBL,0.626,0.234,1.029
beta.TWI,BHCO,0.403,0.122,0.683
beta.TWI,BRBL,0.45,-0.115,1.007
beta.TWI,COGR,0.023,-0.526,0.63
beta.TWI,OVEN,0.104,-0.51,0.64
beta.TWI,OCWA,-0.061,-0.515,0.387
beta.TWI,VIWA,-0.592,-0.935,-0.263
beta.TWI,MGWA,-0.14,-0.489,0.168
beta.TWI,COYE,0.148,-0.335,0.687
beta.TWI,AMRE,0.09,-0.502,0.745
beta.TWI,YEWA,0.592,0.25,0.924
beta.TWI,YRWA,-0.002,-0.388,0.389
beta.TWI,GRWA,0.095,-0.559,0.73
beta.TWI,BTYW,0.085,-0.572,0.695
beta.TWI,WIWA,0.079,-0.326,0.447
beta.TWI,HETA,0.095,-0.603,0.669
beta.TWI,WETA,-0.354,-0.619,-0.083
beta.TWI,BHGR,0.072,-0.224,0.342
beta.TWI,BLGR,0.022,-0.594,0.635
beta.TWI,LAZB,-0.021,-0.549,0.448
beta.LowMont.mu,Community,0.054,-0.054,0.161
sigma.beta.LowMont,Community,0.422,0.332,0.521
beta.LowMont,ROPI,0.066,-0.713,0.931
beta.LowMont,BTPI,-0.052,-0.867,0.747
beta.LowMont,EUCD,0.056,-0.804,0.803
beta.LowMont,MODO,0.562,0.277,0.825
beta.LowMont,CONI,0.269,-0.232,0.813
beta.LowMont,COPO,0.102,-0.626,0.843
beta.LowMont,WTSW,0.159,-0.514,0.751
beta.LowMont,BCHU,0.083,-0.45,0.632
beta.LowMont,BTHU,0.184,-0.192,0.654
beta.LowMont,KILL,0.277,-0.513,0.967
beta.LowMont,WISN,-0.18,-0.96,0.558
beta.LowMont,SPSA,0.488,-0.192,1.161
beta.LowMont,BEKI,0.301,-0.42,0.97
beta.LowMont,LEWO,0.115,-0.526,0.789
beta.LowMont,ACWO,0.041,-0.875,0.8
beta.LowMont,WISA,-0.771,-1.166,-0.356
beta.LowMont,RNSA,-0.031,-0.42,0.347
beta.LowMont,ATTW,-0.455,-1.085,0.066
beta.LowMont,DOWO,-0.089,-0.671,0.503
beta.LowMont,HAWO,-0.141,-0.491,0.199
beta.LowMont,NOFL,-0.321,-0.675,0.049
beta.LowMont,ATFL,0.051,-0.768,0.813
beta.LowMont,CAKI,0.041,-0.825,0.836
beta.LowMont,WEKI,0.53,-0.188,1.275
beta.LowMont,EAKI,0.041,-0.832,0.837
beta.LowMont,OSFL,0.206,-0.097,0.518
beta.LowMont,WEWP,0.01,-0.275,0.272
beta.LowMont,WIFL,-0.05,-0.642,0.531
beta.LowMont,LEFL,0.058,-0.739,0.909
beta.LowMont,HAFL,0.42,0.139,0.701
beta.LowMont,GRFL,0.048,-0.803,0.848
beta.LowMont,DUFL,0.35,0.092,0.644
beta.LowMont,COFL,-0.071,-0.334,0.199
beta.LowMont,BLPH,0.257,-0.481,1.075
beta.LowMont,SAPH,0.054,-0.787,0.849
beta.LowMont,GRVI,0.05,-0.773,0.887
beta.LowMont,PLVI,0.762,0.444,1.088
beta.LowMont,WAVI,-0.085,-0.361,0.242
beta.LowMont,REVI,0.027,-0.803,0.869
beta.LowMont,CAJA,-0.362,-0.884,0.138
beta.LowMont,PIJA,0.037,-0.762,0.847
beta.LowMont,STJA,0.195,-0.19,0.59
beta.LowMont,BLJA,0.042,-0.889,0.771
beta.LowMont,WOSJ,0.259,-0.54,1.032
beta.LowMont,CLNU,-0.147,-0.433,0.18
beta.LowMont,BBMA,0.437,-0.217,1.016
beta.LowMont,AMCR,0.343,-0.084,0.827
beta.LowMont,CORA,0.154,-0.182,0.543
beta.LowMont,HOLA,0.046,-0.782,0.878
beta.LowMont,TRES,-0.044,-0.453,0.37
beta.LowMont,VGSW,0.298,0.006,0.607
beta.LowMont,NRWS,0.548,-0.036,1.166
beta.LowMont,PUMA,0.063,-0.756,0.911
beta.LowMont,BARS,0.265,-0.441,0.989
beta.LowMont,CLSW,-0.088,-0.751,0.6
beta.LowMont,BCCH,0.259,-0.158,0.723
beta.LowMont,MOCH,-0.994,-1.517,-0.472
beta.LowMont,JUTI,0.069,-0.829,0.816
beta.LowMont,BUSH,-0.041,-0.834,0.745
beta.LowMont,RBNU,-0.432,-0.739,-0.158
beta.LowMont,WBNU,-0.093,-0.399,0.231
beta.LowMont,PYNU,0.112,-0.157,0.389
beta.LowMont,BRCR,-0.294,-0.689,0.118
beta.LowMont,ROWR,0.222,-0.187,0.654
beta.LowMont,CANW,0.506,-0.21,1.18
beta.LowMont,HOWR,0.028,-0.262,0.341
beta.LowMont,BEWR,0.036,-0.753,0.93
beta.LowMont,BGGN,0.351,-0.276,0.926
beta.LowMont,AMDI,-0.026,-0.626,0.675
beta.LowMont,GCKI,-0.239,-0.762,0.196
beta.LowMont,RCKI,-0.681,-0.998,-0.408
beta.LowMont,WEBL,0.137,-0.245,0.51
beta.LowMont,MOBL,-0.162,-0.562,0.232
beta.LowMont,TOSO,-0.395,-0.651,-0.097
beta.LowMont,VEER,0.15,-0.62,0.808
beta.LowMont,SWTH,-0.406,-1.041,0.211
beta.LowMont,HETH,-0.443,-0.734,-0.158
beta.LowMont,AMRO,-0.132,-0.537,0.191
beta.LowMont,GRCA,0.425,-0.161,1.051
beta.LowMont,SATH,0.026,-0.724,0.889
beta.LowMont,NOMO,0.048,-0.775,0.95
beta.LowMont,EUST,0.039,-0.866,0.812
beta.LowMont,CEDW,-0.096,-0.69,0.445
beta.LowMont,HOSP,0.061,-0.816,0.839
beta.LowMont,EVGR,-0.45,-0.787,-0.134
beta.LowMont,PIGR,-0.206,-0.769,0.353
beta.LowMont,HOFI,0.423,-0.098,0.939
beta.LowMont,CAFI,-0.059,-0.46,0.383
beta.LowMont,RECR,-0.44,-0.699,-0.127
beta.LowMont,PISI,-0.318,-0.593,-0.02
beta.LowMont,LEGO,0.406,-0.021,0.872
beta.LowMont,AMGO,0.509,0.074,0.998
beta.LowMont,BTSP,0.06,-0.844,0.845
beta.LowMont,LASP,-0.066,-0.906,0.684
beta.LowMont,CHSP,0.359,0.071,0.678
beta.LowMont,BRSP,-0.068,-0.683,0.601
beta.LowMont,FOSP,0.014,-0.643,0.717
beta.LowMont,DEJU,-0.621,-1.086,-0.227
beta.LowMont,WCSP,0.089,-0.601,0.77
beta.LowMont,VESP,0.17,-0.268,0.602
beta.LowMont,SAVS,0.045,-0.838,0.823
beta.LowMont,SOSP,0.32,-0.1,0.737
beta.LowMont,LISP,-0.25,-0.606,0.052
beta.LowMont,GTTO,0.257,-0.035,0.511
beta.LowMont,SPTO,0.39,0,0.741
beta.LowMont,YBCH,0.062,-0.774,0.885
beta.LowMont,WEME,0.541,-0.061,1.15
beta.LowMont,BUOR,0.184,-0.545,0.963
beta.LowMont,RWBL,0.334,-0.111,0.832
beta.LowMont,BHCO,0.026,-0.289,0.343
beta.LowMont,BRBL,-0.227,-0.923,0.487
beta.LowMont,COGR,0.056,-0.74,0.719
beta.LowMont,OVEN,-0.134,-0.864,0.56
beta.LowMont,OCWA,-0.201,-0.693,0.37
beta.LowMont,VIWA,0.515,0.214,0.821
beta.LowMont,MGWA,0.036,-0.32,0.377
beta.LowMont,COYE,0.236,-0.365,0.948
beta.LowMont,AMRE,0.078,-0.845,0.846
beta.LowMont,YEWA,0.555,0.165,0.986
beta.LowMont,YRWA,-0.157,-0.565,0.269
beta.LowMont,GRWA,0.056,-0.773,0.815
beta.LowMont,BTYW,0.056,-0.809,0.826
beta.LowMont,WIWA,-0.295,-0.749,0.17
beta.LowMont,HETA,0.042,-0.735,0.888
beta.LowMont,WETA,0.338,-0.025,0.693
beta.LowMont,BHGR,0.457,0.16,0.764
beta.LowMont,BLGR,-0.059,-0.859,0.742
beta.LowMont,LAZB,0.309,-0.29,0.929
dev.b0.t1,ROPI,-0.047,-0.955,0.788
dev.b0.t1,BTPI,0.121,-0.717,0.969
dev.b0.t1,EUCD,-0.004,-0.889,0.81
dev.b0.t1,MODO,-0.138,-0.794,0.398
dev.b0.t1,CONI,-0.084,-0.825,0.667
dev.b0.t1,COPO,-0.1,-0.913,0.74
dev.b0.t1,WTSW,-0.104,-0.914,0.702
dev.b0.t1,BCHU,0.167,-0.539,0.914
dev.b0.t1,BTHU,-0.146,-0.854,0.483
dev.b0.t1,KILL,-0.057,-0.88,0.82
dev.b0.t1,WISN,-0.138,-0.948,0.748
dev.b0.t1,SPSA,0.009,-0.785,0.833
dev.b0.t1,BEKI,0.043,-0.762,0.883
dev.b0.t1,LEWO,-0.187,-1.08,0.549
dev.b0.t1,ACWO,-0.002,-0.801,0.852
dev.b0.t1,WISA,0.214,-0.421,0.868
dev.b0.t1,RNSA,-0.049,-0.635,0.636
dev.b0.t1,ATTW,0.562,-0.102,1.313
dev.b0.t1,DOWO,0.311,-0.402,1.075
dev.b0.t1,HAWO,-0.35,-0.966,0.227
dev.b0.t1,NOFL,-0.685,-1.252,-0.056
dev.b0.t1,ATFL,-0.03,-0.827,0.89
dev.b0.t1,CAKI,0,-0.829,0.916
dev.b0.t1,WEKI,0.06,-0.716,0.936
dev.b0.t1,EAKI,-0.023,-0.892,0.789
dev.b0.t1,OSFL,-0.334,-0.972,0.324
dev.b0.t1,WEWP,0.137,-0.403,0.79
dev.b0.t1,WIFL,0.319,-0.436,1.12
dev.b0.t1,LEFL,-0.009,-0.843,0.844
dev.b0.t1,HAFL,0.054,-0.501,0.622
dev.b0.t1,GRFL,-0.023,-0.839,0.848
dev.b0.t1,DUFL,0.007,-0.61,0.563
dev.b0.t1,COFL,0.469,-0.138,1.059
dev.b0.t1,BLPH,-0.064,-0.946,0.765
dev.b0.t1,SAPH,-0.008,-0.884,0.795
dev.b0.t1,GRVI,-0.014,-0.827,0.828
dev.b0.t1,PLVI,-0.006,-0.628,0.583
dev.b0.t1,WAVI,-0.091,-0.651,0.566
dev.b0.t1,REVI,-0.017,-0.825,0.949
dev.b0.t1,CAJA,0.242,-0.447,0.97
dev.b0.t1,PIJA,-0.021,-0.896,0.832
dev.b0.t1,STJA,0.014,-0.612,0.658
dev.b0.t1,BLJA,-0.028,-0.873,0.821
dev.b0.t1,WOSJ,-0.055,-0.856,0.838
dev.b0.t1,CLNU,0.229,-0.393,0.802
dev.b0.t1,BBMA,0.283,-0.553,1.037
dev.b0.t1,AMCR,-0.11,-0.783,0.567
dev.b0.t1,CORA,-0.244,-0.895,0.432
dev.b0.t1,HOLA,-0.017,-0.859,0.829
dev.b0.t1,TRES,0.261,-0.312,0.959
dev.b0.t1,VGSW,0.069,-0.492,0.743
dev.b0.t1,NRWS,0.102,-0.691,0.865
dev.b0.t1,PUMA,0.005,-0.924,0.821
dev.b0.t1,BARS,-0.145,-0.974,0.642
dev.b0.t1,CLSW,-0.082,-0.887,0.754
dev.b0.t1,BCCH,-0.51,-1.284,0.224
dev.b0.t1,MOCH,0.088,-0.61,0.776
dev.b0.t1,JUTI,-0.012,-0.89,0.809
dev.b0.t1,BUSH,-0.062,-0.885,0.777
dev.b0.t1,RBNU,-0.179,-0.752,0.436
dev.b0.t1,WBNU,0.079,-0.55,0.631
dev.b0.t1,PYNU,-0.04,-0.639,0.554
dev.b0.t1,BRCR,-0.29,-0.889,0.334
dev.b0.t1,ROWR,-0.106,-0.729,0.553
dev.b0.t1,CANW,-0.166,-1.001,0.656
dev.b0.t1,HOWR,-0.54,-1.142,0.038
dev.b0.t1,BEWR,-0.007,-0.898,0.839
dev.b0.t1,BGGN,0.039,-0.734,0.828
dev.b0.t1,AMDI,-0.053,-0.869,0.764
dev.b0.t1,GCKI,-0.171,-0.986,0.51
dev.b0.t1,RCKI,-0.199,-0.768,0.414
dev.b0.t1,WEBL,0.242,-0.381,0.969
dev.b0.t1,MOBL,0.053,-0.642,0.698
dev.b0.t1,TOSO,0.069,-0.527,0.636
dev.b0.t1,VEER,0.047,-0.759,0.87
dev.b0.t1,SWTH,-0.152,-0.89,0.616
dev.b0.t1,HETH,0.161,-0.422,0.74
dev.b0.t1,AMRO,-0.561,-1.188,0.06
dev.b0.t1,GRCA,0.024,-0.765,0.87
dev.b0.t1,SATH,0.002,-0.914,0.851
dev.b0.t1,NOMO,-0.032,-0.857,0.841
dev.b0.t1,EUST,-0.023,-0.918,0.807
dev.b0.t1,CEDW,-0.194,-1.002,0.582
dev.b0.t1,HOSP,-0.019,-0.857,0.863
dev.b0.t1,EVGR,0.608,-0.002,1.234
dev.b0.t1,PIGR,-0.365,-1.181,0.41
dev.b0.t1,HOFI,0.207,-0.589,0.937
dev.b0.t1,CAFI,0.369,-0.272,1.058
dev.b0.t1,RECR,-0.043,-0.626,0.588
dev.b0.t1,PISI,-0.614,-1.206,-0.006
dev.b0.t1,LEGO,-0.442,-1.228,0.209
dev.b0.t1,AMGO,-0.245,-1.044,0.416
dev.b0.t1,BTSP,-0.017,-0.829,0.895
dev.b0.t1,LASP,-0.052,-0.9,0.749
dev.b0.t1,CHSP,-0.015,-0.573,0.612
dev.b0.t1,BRSP,0.102,-0.721,0.865
dev.b0.t1,FOSP,-0.149,-1.001,0.585
dev.b0.t1,DEJU,-0.512,-1.228,0.171
dev.b0.t1,WCSP,0.114,-0.654,0.924
dev.b0.t1,VESP,0.088,-0.557,0.778
dev.b0.t1,SAVS,-0.023,-0.824,0.796
dev.b0.t1,SOSP,0.017,-0.66,0.683
dev.b0.t1,LISP,-0.012,-0.677,0.57
dev.b0.t1,GTTO,-0.352,-0.961,0.219
dev.b0.t1,SPTO,-0.076,-0.707,0.576
dev.b0.t1,YBCH,-0.02,-0.857,0.882
dev.b0.t1,WEME,-0.12,-0.934,0.686
dev.b0.t1,BUOR,0.084,-0.844,0.804
dev.b0.t1,RWBL,0.251,-0.507,0.99
dev.b0.t1,BHCO,0.125,-0.538,0.688
dev.b0.t1,BRBL,0.147,-0.627,0.969
dev.b0.t1,COGR,-0.004,-0.91,0.806
dev.b0.t1,OVEN,-0.214,-1.033,0.612
dev.b0.t1,OCWA,0.285,-0.435,0.967
dev.b0.t1,VIWA,-0.43,-1.115,0.2
dev.b0.t1,MGWA,0.081,-0.576,0.701
dev.b0.t1,COYE,0.141,-0.675,0.921
dev.b0.t1,AMRE,-0.016,-0.905,0.83
dev.b0.t1,YEWA,0.109,-0.539,0.799
dev.b0.t1,YRWA,-0.653,-1.318,0.043
dev.b0.t1,GRWA,-0.013,-0.935,0.848
dev.b0.t1,BTYW,-0.019,-0.915,0.77
dev.b0.t1,WIWA,-0.069,-0.708,0.625
dev.b0.t1,HETA,0.006,-0.858,0.872
dev.b0.t1,WETA,-0.178,-0.769,0.467
dev.b0.t1,BHGR,-0.325,-0.931,0.301
dev.b0.t1,BLGR,0.083,-0.743,0.919
dev.b0.t1,LAZB,0.079,-0.769,0.82
dev.b0.t2,ROPI,-0.014,-0.798,0.849
dev.b0.t2,BTPI,-0.07,-0.942,0.771
dev.b0.t2,EUCD,-0.011,-0.905,0.81
dev.b0.t2,MODO,0.167,-0.405,0.779
dev.b0.t2,CONI,0.151,-0.557,0.895
dev.b0.t2,COPO,0.007,-0.808,0.866
dev.b0.t2,WTSW,0.174,-0.609,0.966
dev.b0.t2,BCHU,0.273,-0.468,1.016
dev.b0.t2,BTHU,-0.125,-0.906,0.485
dev.b0.t2,KILL,0.085,-0.726,0.922
dev.b0.t2,WISN,0.138,-0.681,0.974
dev.b0.t2,SPSA,-0.016,-0.854,0.764
dev.b0.t2,BEKI,-0.003,-0.816,0.824
dev.b0.t2,LEWO,0.22,-0.585,0.979
dev.b0.t2,ACWO,-0.031,-0.891,0.806
dev.b0.t2,WISA,0.023,-0.624,0.721
dev.b0.t2,RNSA,0.138,-0.453,0.837
dev.b0.t2,ATTW,0.005,-0.738,0.697
dev.b0.t2,DOWO,0.05,-0.675,0.786
dev.b0.t2,HAWO,0.494,-0.105,1.151
dev.b0.t2,NOFL,0.824,0.185,1.505
dev.b0.t2,ATFL,-0.017,-0.886,0.897
dev.b0.t2,CAKI,-0.003,-0.926,0.826
dev.b0.t2,WEKI,0.006,-0.799,0.85
dev.b0.t2,EAKI,-0.017,-0.835,0.861
dev.b0.t2,OSFL,0.08,-0.521,0.7
dev.b0.t2,WEWP,-0.239,-0.825,0.345
dev.b0.t2,WIFL,-0.125,-0.932,0.636
dev.b0.t2,LEFL,-0.005,-0.887,0.82
dev.b0.t2,HAFL,0.256,-0.388,0.804
dev.b0.t2,GRFL,-0.014,-0.844,0.921
dev.b0.t2,DUFL,0.314,-0.243,0.909
dev.b0.t2,COFL,-0.384,-1.013,0.164
dev.b0.t2,BLPH,0.086,-0.765,0.927
dev.b0.t2,SAPH,-0.005,-0.877,0.828
dev.b0.t2,GRVI,-0.049,-0.839,0.884
dev.b0.t2,PLVI,-0.399,-1.028,0.182
dev.b0.t2,WAVI,0.189,-0.417,0.784
dev.b0.t2,REVI,-0.02,-0.786,0.902
dev.b0.t2,CAJA,-0.21,-0.876,0.524
dev.b0.t2,PIJA,-0.027,-0.865,0.798
dev.b0.t2,STJA,0.302,-0.303,0.927
dev.b0.t2,BLJA,-0.017,-0.84,0.796
dev.b0.t2,WOSJ,0.067,-0.77,0.915
dev.b0.t2,CLNU,-0.079,-0.69,0.497
dev.b0.t2,BBMA,-0.174,-0.994,0.607
dev.b0.t2,AMCR,0.366,-0.283,1.029
dev.b0.t2,CORA,0.785,0.104,1.432
dev.b0.t2,HOLA,-0.014,-0.881,0.825
dev.b0.t2,TRES,-0.43,-1.052,0.23
dev.b0.t2,VGSW,-0.335,-0.956,0.269
dev.b0.t2,NRWS,-0.114,-0.909,0.611
dev.b0.t2,PUMA,-0.01,-0.846,0.816
dev.b0.t2,BARS,0.131,-0.653,0.955
dev.b0.t2,CLSW,0.238,-0.536,1.083
dev.b0.t2,BCCH,0.133,-0.605,0.796
dev.b0.t2,MOCH,-0.09,-0.813,0.596
dev.b0.t2,JUTI,-0.02,-0.87,0.809
dev.b0.t2,BUSH,0.101,-0.671,0.992
dev.b0.t2,RBNU,0.251,-0.317,0.916
dev.b0.t2,WBNU,0.072,-0.519,0.614
dev.b0.t2,PYNU,-0.133,-0.736,0.436
dev.b0.t2,BRCR,0.578,-0.073,1.254
dev.b0.t2,ROWR,-0.186,-0.799,0.489
dev.b0.t2,CANW,-0.099,-0.872,0.782
dev.b0.t2,HOWR,-0.06,-0.601,0.613
dev.b0.t2,BEWR,0,-0.833,0.924
dev.b0.t2,BGGN,-0.085,-0.868,0.701
dev.b0.t2,AMDI,0.181,-0.593,1.019
dev.b0.t2,GCKI,-0.45,-1.139,0.283
dev.b0.t2,RCKI,0.046,-0.577,0.623
dev.b0.t2,WEBL,0.127,-0.536,0.776
dev.b0.t2,MOBL,-0.366,-0.999,0.252
dev.b0.t2,TOSO,-0.207,-0.79,0.379
dev.b0.t2,VEER,-0.135,-0.964,0.742
dev.b0.t2,SWTH,0.315,-0.448,0.991
dev.b0.t2,HETH,-0.093,-0.65,0.502
dev.b0.t2,AMRO,0.152,-0.572,0.713
dev.b0.t2,GRCA,-0.067,-0.905,0.636
dev.b0.t2,SATH,-0.031,-0.881,0.855
dev.b0.t2,NOMO,-0.026,-0.829,0.866
dev.b0.t2,EUST,-0.011,-0.841,0.859
dev.b0.t2,CEDW,0.106,-0.625,0.817
dev.b0.t2,HOSP,-0.005,-0.9,0.834
dev.b0.t2,EVGR,-0.391,-1.049,0.221
dev.b0.t2,PIGR,0.506,-0.186,1.298
dev.b0.t2,HOFI,-0.034,-0.776,0.754
dev.b0.t2,CAFI,0.048,-0.626,0.73
dev.b0.t2,RECR,0.022,-0.591,0.595
dev.b0.t2,PISI,0.173,-0.445,0.755
dev.b0.t2,LEGO,0.328,-0.326,1.036
dev.b0.t2,AMGO,0.081,-0.586,0.779
dev.b0.t2,BTSP,-0.001,-0.81,0.893
dev.b0.t2,LASP,-0.064,-0.912,0.741
dev.b0.t2,CHSP,0.143,-0.413,0.747
dev.b0.t2,BRSP,-0.296,-1.113,0.5
dev.b0.t2,FOSP,0.269,-0.589,1.069
dev.b0.t2,DEJU,0.588,-0.108,1.373
dev.b0.t2,WCSP,-0.219,-1.091,0.552
dev.b0.t2,VESP,-0.072,-0.794,0.59
dev.b0.t2,SAVS,-0.011,-0.841,0.833
dev.b0.t2,SOSP,0.115,-0.542,0.763
dev.b0.t2,LISP,0.04,-0.579,0.639
dev.b0.t2,GTTO,0.124,-0.438,0.74
dev.b0.t2,SPTO,0.076,-0.514,0.757
dev.b0.t2,YBCH,-0.034,-0.86,0.823
dev.b0.t2,WEME,-0.163,-0.955,0.594
dev.b0.t2,BUOR,0.027,-0.757,0.844
dev.b0.t2,RWBL,0.049,-0.721,0.734
dev.b0.t2,BHCO,-0.083,-0.68,0.53
dev.b0.t2,BRBL,-0.081,-0.841,0.826
dev.b0.t2,COGR,-0.192,-1.05,0.584
dev.b0.t2,OVEN,-0.044,-0.857,0.752
dev.b0.t2,OCWA,0.112,-0.662,0.805
dev.b0.t2,VIWA,-0.016,-0.634,0.624
dev.b0.t2,MGWA,0.033,-0.58,0.652
dev.b0.t2,COYE,0.04,-0.684,0.904
dev.b0.t2,AMRE,-0.04,-0.873,0.801
dev.b0.t2,YEWA,-0.156,-0.799,0.495
dev.b0.t2,YRWA,0.603,-0.132,1.356
dev.b0.t2,GRWA,-0.023,-0.895,0.82
dev.b0.t2,BTYW,0.002,-0.919,0.81
dev.b0.t2,WIWA,0.049,-0.632,0.717
dev.b0.t2,HETA,-0.022,-0.865,0.851
dev.b0.t2,WETA,-0.178,-0.767,0.453
dev.b0.t2,BHGR,0.184,-0.422,0.74
dev.b0.t2,BLGR,-0.073,-0.841,0.752
dev.b0.t2,LAZB,-0.281,-1.091,0.501
dev.b0.t3,ROPI,0.009,-0.886,0.835
dev.b0.t3,BTPI,-0.043,-0.921,0.759
dev.b0.t3,EUCD,-0.026,-0.957,0.767
dev.b0.t3,MODO,-0.087,-0.672,0.515
dev.b0.t3,CONI,0.072,-0.645,0.827
dev.b0.t3,COPO,0.073,-0.801,0.88
dev.b0.t3,WTSW,-0.059,-0.767,0.769
dev.b0.t3,BCHU,-0.402,-1.273,0.342
dev.b0.t3,BTHU,0.342,-0.341,1.066
dev.b0.t3,KILL,-0.045,-0.886,0.764
dev.b0.t3,WISN,0.027,-0.877,0.821
dev.b0.t3,SPSA,0,-0.782,0.88
dev.b0.t3,BEKI,-0.007,-0.775,0.854
dev.b0.t3,LEWO,-0.049,-0.895,0.763
dev.b0.t3,ACWO,-0.015,-0.826,0.902
dev.b0.t3,WISA,-0.281,-1.05,0.36
dev.b0.t3,RNSA,-0.11,-0.774,0.532
dev.b0.t3,ATTW,-0.401,-1.146,0.392
dev.b0.t3,DOWO,-0.181,-0.929,0.638
dev.b0.t3,HAWO,0.034,-0.575,0.652
dev.b0.t3,NOFL,0.063,-0.572,0.714
dev.b0.t3,ATFL,-0.009,-0.882,0.866
dev.b0.t3,CAKI,-0.007,-0.914,0.817
dev.b0.t3,WEKI,0.023,-0.728,0.918
dev.b0.t3,EAKI,-0.017,-0.863,0.879
dev.b0.t3,OSFL,0.068,-0.544,0.706
dev.b0.t3,WEWP,0.112,-0.445,0.727
dev.b0.t3,WIFL,-0.194,-0.957,0.599
dev.b0.t3,LEFL,-0.02,-0.829,0.871
dev.b0.t3,HAFL,-0.288,-0.941,0.275
dev.b0.t3,GRFL,-0.009,-0.881,0.887
dev.b0.t3,DUFL,-0.296,-0.865,0.296
dev.b0.t3,COFL,-0.016,-0.541,0.643
dev.b0.t3,BLPH,-0.068,-0.902,0.806
dev.b0.t3,SAPH,-0.023,-0.861,0.859
dev.b0.t3,GRVI,-0.015,-0.845,0.89
dev.b0.t3,PLVI,0.355,-0.252,0.989
dev.b0.t3,WAVI,0.038,-0.55,0.625
dev.b0.t3,REVI,-0.037,-0.839,0.886
dev.b0.t3,CAJA,-0.098,-0.827,0.645
dev.b0.t3,PIJA,-0.006,-0.958,0.757
dev.b0.t3,STJA,-0.138,-0.77,0.501
dev.b0.t3,BLJA,-0.029,-0.839,0.901
dev.b0.t3,WOSJ,-0.078,-0.86,0.781
dev.b0.t3,CLNU,-0.103,-0.694,0.478
dev.b0.t3,BBMA,-0.127,-0.919,0.633
dev.b0.t3,AMCR,-0.255,-0.98,0.455
dev.b0.t3,CORA,-0.361,-0.995,0.252
dev.b0.t3,HOLA,-0.017,-0.858,0.891
dev.b0.t3,TRES,0.205,-0.443,0.837
dev.b0.t3,VGSW,0.233,-0.357,0.831
dev.b0.t3,NRWS,-0.069,-0.791,0.735
dev.b0.t3,PUMA,-0.014,-0.78,0.913
dev.b0.t3,BARS,0,-0.849,0.818
dev.b0.t3,CLSW,-0.09,-0.868,0.804
dev.b0.t3,BCCH,-0.146,-0.832,0.6
dev.b0.t3,MOCH,0.253,-0.438,1.018
dev.b0.t3,JUTI,-0.018,-0.824,0.889
dev.b0.t3,BUSH,-0.083,-0.92,0.764
dev.b0.t3,RBNU,0.039,-0.555,0.665
dev.b0.t3,WBNU,0.021,-0.569,0.664
dev.b0.t3,PYNU,0.116,-0.46,0.733
dev.b0.t3,BRCR,-0.013,-0.626,0.639
dev.b0.t3,ROWR,0.298,-0.359,1.021
dev.b0.t3,CANW,0.194,-0.569,1.095
dev.b0.t3,HOWR,0.713,0.106,1.4
dev.b0.t3,BEWR,-0.024,-0.876,0.852
dev.b0.t3,BGGN,-0.023,-0.883,0.725
dev.b0.t3,AMDI,-0.059,-0.82,0.802
dev.b0.t3,GCKI,0.63,-0.014,1.404
dev.b0.t3,RCKI,0.225,-0.385,0.813
dev.b0.t3,WEBL,-0.379,-1.014,0.321
dev.b0.t3,MOBL,0.452,-0.195,1.104
dev.b0.t3,TOSO,0.223,-0.408,0.844
dev.b0.t3,VEER,0.072,-0.788,0.924
dev.b0.t3,SWTH,-0.296,-1.027,0.537
dev.b0.t3,HETH,0.014,-0.598,0.592
dev.b0.t3,AMRO,0.51,-0.199,1.173
dev.b0.t3,GRCA,0.113,-0.648,0.872
dev.b0.t3,SATH,-0.037,-0.93,0.803
dev.b0.t3,NOMO,-0.024,-0.808,0.87
dev.b0.t3,EUST,-0.012,-0.886,0.866
dev.b0.t3,CEDW,0.086,-0.665,0.897
dev.b0.t3,HOSP,-0.012,-0.911,0.834
dev.b0.t3,EVGR,-0.491,-1.193,0.108
dev.b0.t3,PIGR,-0.053,-0.819,0.723
dev.b0.t3,HOFI,-0.163,-0.973,0.538
dev.b0.t3,CAFI,-0.512,-1.271,0.159
dev.b0.t3,RECR,-0.089,-0.629,0.563
dev.b0.t3,PISI,0.493,-0.145,1.095
dev.b0.t3,LEGO,0.073,-0.547,0.806
dev.b0.t3,AMGO,0.174,-0.538,0.87
dev.b0.t3,BTSP,-0.025,-0.923,0.781
dev.b0.t3,LASP,0.12,-0.77,0.936
dev.b0.t3,CHSP,-0.059,-0.634,0.559
dev.b0.t3,BRSP,0.178,-0.554,1.012
dev.b0.t3,FOSP,-0.161,-1.061,0.618
dev.b0.t3,DEJU,0.035,-0.69,0.756
dev.b0.t3,WCSP,-0.016,-0.885,0.704
dev.b0.t3,VESP,-0.152,-0.782,0.576
dev.b0.t3,SAVS,-0.015,-0.915,0.831
dev.b0.t3,SOSP,-0.039,-0.721,0.652
dev.b0.t3,LISP,0.035,-0.571,0.687
dev.b0.t3,GTTO,0.253,-0.352,0.841
dev.b0.t3,SPTO,0.001,-0.598,0.651
dev.b0.t3,YBCH,-0.002,-0.946,0.828
dev.b0.t3,WEME,0.164,-0.647,0.942
dev.b0.t3,BUOR,-0.116,-0.903,0.749
dev.b0.t3,RWBL,-0.25,-0.988,0.468
dev.b0.t3,BHCO,-0.156,-0.798,0.453
dev.b0.t3,BRBL,-0.167,-1.003,0.65
dev.b0.t3,COGR,0.151,-0.688,0.992
dev.b0.t3,OVEN,0.141,-0.712,0.927
dev.b0.t3,OCWA,-0.4,-1.147,0.362
dev.b0.t3,VIWA,0.253,-0.395,0.869
dev.b0.t3,MGWA,0.012,-0.652,0.625
dev.b0.t3,COYE,-0.2,-1.054,0.553
dev.b0.t3,AMRE,0.009,-0.828,0.913
dev.b0.t3,YEWA,0.187,-0.534,0.82
dev.b0.t3,YRWA,0.13,-0.553,0.858
dev.b0.t3,GRWA,-0.023,-0.839,0.838
dev.b0.t3,BTYW,-0.013,-0.833,0.895
dev.b0.t3,WIWA,-0.097,-0.764,0.613
dev.b0.t3,HETA,-0.024,-0.819,0.919
dev.b0.t3,WETA,0.457,-0.149,1.111
dev.b0.t3,BHGR,0.189,-0.471,0.79
dev.b0.t3,BLGR,-0.068,-0.869,0.765
dev.b0.t3,LAZB,0.191,-0.663,0.947
alpha0.mu,Community,-2.455,-2.778,-2.097
sigma.alpha0,Community,1.374,1.096,1.646
alpha.CanCov.mu,Community,-0.299,-0.432,-0.176
sigma.alpha.CanCov,Community,0.565,0.465,0.682
alpha.CanCov2.mu,Community,-0.056,-0.084,-0.026
sigma.alpha.CanCov2,Community,0.087,0.062,0.113
zeta0.mu,Community,-1.275,-1.59,-0.98
sigma.zeta0,Community,0.885,0.671,1.129
zeta0,ROPI,-1.573,-3.414,0.303
zeta0,BTPI,-1.454,-3.119,0.429
zeta0,EUCD,-1.541,-3.298,0.49
zeta0,MODO,-1.01,-1.532,-0.567
zeta0,CONI,-3.127,-4.385,-1.891
zeta0,COPO,-1.703,-3.485,0.144
zeta0,WTSW,-0.99,-2.939,0.443
zeta0,BCHU,-1.943,-3.232,-0.548
zeta0,BTHU,-1.143,-1.302,-0.966
zeta0,KILL,-1.807,-3.741,-0.358
zeta0,WISN,-1.148,-2.938,0.678
zeta0,SPSA,-1,-2.499,0.632
zeta0,BEKI,-2.092,-3.656,-0.711
zeta0,LEWO,-1.516,-2.877,-0.42
zeta0,ACWO,-1.541,-3.309,0.405
zeta0,WISA,-1.459,-2.14,-0.943
zeta0,RNSA,-2.079,-2.636,-1.502
zeta0,ATTW,-0.931,-1.965,0.024
zeta0,DOWO,-2.539,-3.897,-1.336
zeta0,HAWO,-1.071,-1.346,-0.762
zeta0,NOFL,-1.332,-1.664,-0.973
zeta0,ATFL,-1.553,-3.384,0.473
zeta0,CAKI,-1.588,-3.375,0.391
zeta0,WEKI,-1.745,-3.312,-0.042
zeta0,EAKI,-1.548,-3.302,0.27
zeta0,OSFL,-0.706,-1.173,-0.269
zeta0,WEWP,0.119,-0.15,0.38
zeta0,WIFL,-1.306,-2.582,-0.128
zeta0,LEFL,-1.562,-3.57,0.276
zeta0,HAFL,-0.465,-0.838,-0.143
zeta0,GRFL,-1.508,-3.468,0.326
zeta0,DUFL,-0.826,-1.181,-0.473
zeta0,COFL,-0.536,-0.8,-0.3
zeta0,BLPH,-1.595,-3.431,0.018
zeta0,SAPH,-1.582,-3.455,0.285
zeta0,GRVI,-1.533,-3.385,0.353
zeta0,PLVI,-1.622,-2.106,-1.096
zeta0,WAVI,-0.054,-0.223,0.112
zeta0,REVI,-1.558,-3.337,0.237
zeta0,CAJA,-1.621,-2.526,-0.824
zeta0,PIJA,-1.531,-3.444,0.289
zeta0,STJA,-0.817,-1.073,-0.573
zeta0,BLJA,-1.543,-3.351,0.336
zeta0,WOSJ,-1.271,-3.032,0.652
zeta0,CLNU,-0.786,-1.218,-0.391
zeta0,BBMA,-1.39,-2.702,-0.316
zeta0,AMCR,-2.118,-3.208,-1.116
zeta0,CORA,-1.098,-1.664,-0.593
zeta0,HOLA,-1.53,-3.343,0.343
zeta0,TRES,-2.157,-2.946,-1.378
zeta0,VGSW,-1.943,-2.402,-1.455
zeta0,NRWS,-1.535,-2.663,-0.286
zeta0,PUMA,-1.539,-3.513,0.375
zeta0,BARS,-1.825,-3.58,-0.427
zeta0,CLSW,-2.232,-3.898,-0.777
zeta0,BCCH,-1.626,-2.405,-0.751
zeta0,MOCH,-0.971,-1.118,-0.826
zeta0,JUTI,-1.552,-3.521,0.203
zeta0,BUSH,-1.855,-3.404,-0.351
zeta0,RBNU,-0.672,-0.907,-0.416
zeta0,WBNU,-1.363,-1.708,-1.032
zeta0,PYNU,-1.745,-2.081,-1.382
zeta0,BRCR,-1.678,-2.181,-1.211
zeta0,ROWR,-0.39,-0.99,0.165
zeta0,CANW,-1.628,-3.135,-0.298
zeta0,HOWR,-0.471,-0.658,-0.279
zeta0,BEWR,-1.555,-3.553,0.21
zeta0,BGGN,-1.717,-3.143,-0.47
zeta0,AMDI,-0.206,-2.116,1.658
zeta0,GCKI,-1.925,-2.88,-0.886
zeta0,RCKI,-0.035,-0.197,0.143
zeta0,WEBL,-1.256,-1.938,-0.58
zeta0,MOBL,-1.786,-2.577,-1.141
zeta0,TOSO,-0.793,-1.024,-0.579
zeta0,VEER,-1.539,-3.318,0.091
zeta0,SWTH,-0.886,-1.72,-0.003
zeta0,HETH,0.159,-0.038,0.336
zeta0,AMRO,-0.48,-0.618,-0.341
zeta0,GRCA,-1.888,-3.065,-0.511
zeta0,SATH,-1.547,-3.362,0.24
zeta0,NOMO,-1.507,-3.427,0.253
zeta0,EUST,-1.547,-3.437,0.256
zeta0,CEDW,-1.355,-2.668,-0.273
zeta0,HOSP,-1.579,-3.524,0.331
zeta0,EVGR,-1.082,-1.473,-0.651
zeta0,PIGR,-1.52,-2.798,-0.429
zeta0,HOFI,-1.785,-3.071,-0.374
zeta0,CAFI,-1.465,-2.319,-0.686
zeta0,RECR,-1.923,-2.441,-1.492
zeta0,PISI,-1.315,-1.572,-1.07
zeta0,LEGO,-1.759,-3.057,-0.606
zeta0,AMGO,-2.642,-3.719,-1.774
zeta0,BTSP,-1.553,-3.458,0.304
zeta0,LASP,-1.728,-3.36,-0.328
zeta0,CHSP,-0.692,-0.949,-0.47
zeta0,BRSP,-0.832,-2.244,0.322
zeta0,FOSP,-1.089,-2.707,0.493
zeta0,DEJU,-0.377,-0.504,-0.237
zeta0,WCSP,-1.427,-2.735,-0.273
zeta0,VESP,-0.607,-1.328,0.131
zeta0,SAVS,-1.51,-3.249,0.243
zeta0,SOSP,-1.183,-1.905,-0.491
zeta0,LISP,-0.383,-0.777,0.031
zeta0,GTTO,-0.647,-0.926,-0.357
zeta0,SPTO,-2.172,-3,-1.133
zeta0,YBCH,-1.592,-3.506,0.275
zeta0,WEME,0.27,-0.973,1.383
zeta0,BUOR,-1.549,-3.268,0.298
zeta0,RWBL,-0.689,-1.602,0.096
zeta0,BHCO,-1.318,-1.782,-0.876
zeta0,BRBL,-0.242,-1.749,1.183
zeta0,COGR,-1.711,-3.113,-0.266
zeta0,OVEN,-0.747,-2.326,0.687
zeta0,OCWA,-1.974,-2.962,-1.003
zeta0,VIWA,-0.625,-1.15,-0.153
zeta0,MGWA,-1.18,-1.931,-0.534
zeta0,COYE,-1.477,-2.83,-0.117
zeta0,AMRE,-1.545,-3.358,0.321
zeta0,YEWA,0.244,-0.434,0.895
zeta0,YRWA,-0.076,-0.2,0.039
zeta0,GRWA,-1.548,-3.362,0.281
zeta0,BTYW,-1.47,-3.231,0.469
zeta0,WIWA,-0.513,-1.221,0.147
zeta0,HETA,-1.56,-3.416,0.442
zeta0,WETA,-0.51,-0.696,-0.315
zeta0,BHGR,-0.76,-1.212,-0.239
zeta0,BLGR,-1.319,-3.138,0.594
zeta0,LAZB,-0.075,-1.408,1.334
zeta.CanCov.mu,Community,-0.016,-0.075,0.045
sigma.zeta.CanCov,Community,0.163,0.102,0.226
zeta.CanCov,ROPI,-0.018,-0.339,0.324
zeta.CanCov,BTPI,-0.007,-0.348,0.318
zeta.CanCov,EUCD,-0.006,-0.335,0.357
zeta.CanCov,MODO,0.079,-0.172,0.327
zeta.CanCov,CONI,0.055,-0.248,0.396
zeta.CanCov,COPO,-0.031,-0.351,0.312
zeta.CanCov,WTSW,-0.008,-0.329,0.331
zeta.CanCov,BCHU,-0.038,-0.355,0.316
zeta.CanCov,BTHU,-0.238,-0.335,-0.13
zeta.CanCov,KILL,-0.008,-0.341,0.325
zeta.CanCov,WISN,-0.075,-0.429,0.254
zeta.CanCov,SPSA,-0.094,-0.465,0.204
zeta.CanCov,BEKI,-0.02,-0.329,0.357
zeta.CanCov,LEWO,-0.037,-0.367,0.258
zeta.CanCov,ACWO,-0.019,-0.344,0.344
zeta.CanCov,WISA,0.062,-0.201,0.351
zeta.CanCov,RNSA,0.013,-0.257,0.25
zeta.CanCov,ATTW,0.011,-0.317,0.331
zeta.CanCov,DOWO,-0.043,-0.366,0.294
zeta.CanCov,HAWO,-0.231,-0.417,-0.043
zeta.CanCov,NOFL,-0.002,-0.203,0.194
zeta.CanCov,ATFL,-0.009,-0.35,0.331
zeta.CanCov,CAKI,-0.011,-0.376,0.307
zeta.CanCov,WEKI,-0.02,-0.351,0.314
zeta.CanCov,EAKI,-0.016,-0.339,0.327
zeta.CanCov,OSFL,0.052,-0.233,0.33
zeta.CanCov,WEWP,-0.014,-0.185,0.16
zeta.CanCov,WIFL,-0.113,-0.469,0.194
zeta.CanCov,LEFL,-0.009,-0.307,0.342
zeta.CanCov,HAFL,0.073,-0.159,0.319
zeta.CanCov,GRFL,-0.017,-0.353,0.332
zeta.CanCov,DUFL,0.113,-0.063,0.294
zeta.CanCov,COFL,0.029,-0.158,0.223
zeta.CanCov,BLPH,-0.039,-0.362,0.308
zeta.CanCov,SAPH,-0.011,-0.354,0.333
zeta.CanCov,GRVI,-0.012,-0.338,0.319
zeta.CanCov,PLVI,0.235,-0.031,0.494
zeta.CanCov,WAVI,0.061,-0.041,0.163
zeta.CanCov,REVI,-0.017,-0.38,0.314
zeta.CanCov,CAJA,-0.015,-0.358,0.294
zeta.CanCov,PIJA,-0.015,-0.359,0.32
zeta.CanCov,STJA,0.007,-0.174,0.196
zeta.CanCov,BLJA,-0.018,-0.325,0.351
zeta.CanCov,WOSJ,-0.018,-0.411,0.298
zeta.CanCov,CLNU,0.072,-0.207,0.38
zeta.CanCov,BBMA,-0.017,-0.347,0.288
zeta.CanCov,AMCR,-0.025,-0.365,0.317
zeta.CanCov,CORA,0.008,-0.262,0.274
zeta.CanCov,HOLA,-0.015,-0.353,0.33
zeta.CanCov,TRES,0.034,-0.286,0.348
zeta.CanCov,VGSW,-0.025,-0.242,0.224
zeta.CanCov,NRWS,-0.005,-0.335,0.299
zeta.CanCov,PUMA,-0.015,-0.343,0.321
zeta.CanCov,BARS,-0.056,-0.391,0.26
zeta.CanCov,CLSW,-0.008,-0.342,0.299
zeta.CanCov,BCCH,-0.031,-0.326,0.252
zeta.CanCov,MOCH,-0.025,-0.128,0.07
zeta.CanCov,JUTI,-0.017,-0.32,0.364
zeta.CanCov,BUSH,-0.003,-0.328,0.344
zeta.CanCov,RBNU,0.155,-0.02,0.363
zeta.CanCov,WBNU,0.172,-0.037,0.364
zeta.CanCov,PYNU,-0.16,-0.418,0.068
zeta.CanCov,BRCR,0.078,-0.19,0.359
zeta.CanCov,ROWR,-0.136,-0.416,0.103
zeta.CanCov,CANW,-0.021,-0.368,0.308
zeta.CanCov,HOWR,-0.149,-0.274,-0.036
zeta.CanCov,BEWR,-0.017,-0.361,0.307
zeta.CanCov,BGGN,0.027,-0.322,0.322
zeta.CanCov,AMDI,-0.052,-0.384,0.29
zeta.CanCov,GCKI,0.044,-0.27,0.391
zeta.CanCov,RCKI,0.106,-0.017,0.244
zeta.CanCov,WEBL,0.024,-0.256,0.305
zeta.CanCov,MOBL,-0.08,-0.431,0.315
zeta.CanCov,TOSO,-0.041,-0.199,0.13
zeta.CanCov,VEER,-0.012,-0.353,0.331
zeta.CanCov,SWTH,0.048,-0.291,0.388
zeta.CanCov,HETH,0.219,0.087,0.359
zeta.CanCov,AMRO,-0.017,-0.108,0.076
zeta.CanCov,GRCA,-0.053,-0.34,0.249
zeta.CanCov,SATH,-0.004,-0.349,0.349
zeta.CanCov,NOMO,-0.018,-0.337,0.342
zeta.CanCov,EUST,-0.013,-0.363,0.329
zeta.CanCov,CEDW,-0.013,-0.325,0.312
zeta.CanCov,HOSP,-0.021,-0.342,0.317
zeta.CanCov,EVGR,-0.046,-0.385,0.208
zeta.CanCov,PIGR,-0.005,-0.302,0.33
zeta.CanCov,HOFI,0.017,-0.332,0.368
zeta.CanCov,CAFI,0.005,-0.353,0.285
zeta.CanCov,RECR,-0.058,-0.377,0.264
zeta.CanCov,PISI,0.015,-0.142,0.186
zeta.CanCov,LEGO,-0.074,-0.417,0.249
zeta.CanCov,AMGO,-0.058,-0.379,0.234
zeta.CanCov,BTSP,-0.019,-0.367,0.317
zeta.CanCov,LASP,-0.015,-0.367,0.306
zeta.CanCov,CHSP,-0.056,-0.219,0.101
zeta.CanCov,BRSP,-0.096,-0.44,0.235
zeta.CanCov,FOSP,-0.021,-0.353,0.293
zeta.CanCov,DEJU,0.127,0.033,0.219
zeta.CanCov,WCSP,-0.04,-0.364,0.29
zeta.CanCov,VESP,-0.079,-0.325,0.175
zeta.CanCov,SAVS,-0.015,-0.353,0.305
zeta.CanCov,SOSP,-0.143,-0.418,0.14
zeta.CanCov,LISP,-0.002,-0.218,0.226
zeta.CanCov,GTTO,-0.205,-0.371,-0.057
zeta.CanCov,SPTO,0.009,-0.265,0.276
zeta.CanCov,YBCH,-0.019,-0.352,0.301
zeta.CanCov,WEME,-0.159,-0.498,0.146
zeta.CanCov,BUOR,-0.03,-0.35,0.322
zeta.CanCov,RWBL,-0.183,-0.511,0.123
zeta.CanCov,BHCO,-0.125,-0.391,0.135
zeta.CanCov,BRBL,-0.076,-0.44,0.241
zeta.CanCov,COGR,-0.026,-0.377,0.312
zeta.CanCov,OVEN,0.016,-0.299,0.362
zeta.CanCov,OCWA,0.024,-0.291,0.372
zeta.CanCov,VIWA,-0.018,-0.244,0.227
zeta.CanCov,MGWA,-0.049,-0.292,0.201
zeta.CanCov,COYE,-0.016,-0.332,0.32
zeta.CanCov,AMRE,-0.014,-0.362,0.298
zeta.CanCov,YEWA,0.086,-0.156,0.302
zeta.CanCov,YRWA,0.145,0.052,0.228
zeta.CanCov,GRWA,-0.01,-0.33,0.348
zeta.CanCov,BTYW,-0.014,-0.357,0.303
zeta.CanCov,WIWA,0.05,-0.218,0.331
zeta.CanCov,HETA,-0.008,-0.345,0.341
zeta.CanCov,WETA,-0.042,-0.155,0.056
zeta.CanCov,BHGR,-0.18,-0.401,0.095
zeta.CanCov,BLGR,-0.022,-0.364,0.326
zeta.CanCov,LAZB,-0.088,-0.455,0.221
zeta.DayOfYear.mu,Community,-0.002,-0.072,0.076
sigma.zeta.DayOfYear,Community,0.246,0.175,0.331
zeta.DayOfYear,ROPI,0.006,-0.517,0.459
zeta.DayOfYear,BTPI,-0.001,-0.516,0.525
zeta.DayOfYear,EUCD,-0.01,-0.486,0.546
zeta.DayOfYear,MODO,-0.09,-0.278,0.091
zeta.DayOfYear,CONI,-0.031,-0.347,0.278
zeta.DayOfYear,COPO,-0.032,-0.513,0.534
zeta.DayOfYear,WTSW,0.089,-0.361,0.573
zeta.DayOfYear,BCHU,-0.116,-0.561,0.319
zeta.DayOfYear,BTHU,-0.016,-0.105,0.06
zeta.DayOfYear,KILL,0.01,-0.469,0.496
zeta.DayOfYear,WISN,-0.036,-0.515,0.465
zeta.DayOfYear,SPSA,-0.111,-0.63,0.382
zeta.DayOfYear,BEKI,-0.03,-0.46,0.454
zeta.DayOfYear,LEWO,0.019,-0.519,0.503
zeta.DayOfYear,ACWO,0.001,-0.493,0.498
zeta.DayOfYear,WISA,0.124,-0.286,0.502
zeta.DayOfYear,RNSA,0.404,0.107,0.72
zeta.DayOfYear,ATTW,0.129,-0.317,0.579
zeta.DayOfYear,DOWO,0.06,-0.34,0.47
zeta.DayOfYear,HAWO,0.173,-0.027,0.359
zeta.DayOfYear,NOFL,0.245,0.087,0.397
zeta.DayOfYear,ATFL,-0.002,-0.535,0.517
zeta.DayOfYear,CAKI,-0.007,-0.53,0.527
zeta.DayOfYear,WEKI,-0.049,-0.562,0.438
zeta.DayOfYear,EAKI,0.003,-0.498,0.5
zeta.DayOfYear,OSFL,0.136,-0.253,0.531
zeta.DayOfYear,WEWP,0.136,-0.012,0.297
zeta.DayOfYear,WIFL,-0.076,-0.527,0.396
zeta.DayOfYear,LEFL,-0.015,-0.513,0.481
zeta.DayOfYear,HAFL,-0.198,-0.468,0.096
zeta.DayOfYear,GRFL,-0.007,-0.521,0.503
zeta.DayOfYear,DUFL,-0.342,-0.572,-0.076
zeta.DayOfYear,COFL,0.048,-0.12,0.252
zeta.DayOfYear,BLPH,-0.013,-0.549,0.428
zeta.DayOfYear,SAPH,0.01,-0.478,0.491
zeta.DayOfYear,GRVI,-0.003,-0.517,0.523
zeta.DayOfYear,PLVI,-0.167,-0.395,0.039
zeta.DayOfYear,WAVI,0.115,0.015,0.227
zeta.DayOfYear,REVI,0.003,-0.463,0.526
zeta.DayOfYear,CAJA,0.208,-0.28,0.753
zeta.DayOfYear,PIJA,0.002,-0.526,0.506
zeta.DayOfYear,STJA,0.042,-0.124,0.194
zeta.DayOfYear,BLJA,0.003,-0.51,0.493
zeta.DayOfYear,WOSJ,-0.051,-0.562,0.437
zeta.DayOfYear,CLNU,0.281,-0.083,0.633
zeta.DayOfYear,BBMA,-0.045,-0.545,0.402
zeta.DayOfYear,AMCR,-0.015,-0.371,0.381
zeta.DayOfYear,CORA,0.223,-0.065,0.488
zeta.DayOfYear,HOLA,0.005,-0.506,0.505
zeta.DayOfYear,TRES,-0.143,-0.462,0.148
zeta.DayOfYear,VGSW,-0.393,-0.561,-0.221
zeta.DayOfYear,NRWS,-0.026,-0.479,0.442
zeta.DayOfYear,PUMA,0.001,-0.534,0.465
zeta.DayOfYear,BARS,0.005,-0.488,0.524
zeta.DayOfYear,CLSW,-0.028,-0.47,0.457
zeta.DayOfYear,BCCH,-0.558,-1.027,-0.102
zeta.DayOfYear,MOCH,0.071,-0.016,0.145
zeta.DayOfYear,JUTI,-0.006,-0.526,0.498
zeta.DayOfYear,BUSH,0.011,-0.447,0.478
zeta.DayOfYear,RBNU,0.056,-0.099,0.214
zeta.DayOfYear,WBNU,0.056,-0.123,0.229
zeta.DayOfYear,PYNU,-0.319,-0.466,-0.162
zeta.DayOfYear,BRCR,0.157,-0.112,0.402
zeta.DayOfYear,ROWR,0.257,-0.066,0.578
zeta.DayOfYear,CANW,-0.061,-0.533,0.446
zeta.DayOfYear,HOWR,0.295,0.178,0.415
zeta.DayOfYear,BEWR,0.011,-0.481,0.5
zeta.DayOfYear,BGGN,0.011,-0.436,0.459
zeta.DayOfYear,AMDI,0.045,-0.406,0.547
zeta.DayOfYear,GCKI,0.114,-0.327,0.606
zeta.DayOfYear,RCKI,-0.074,-0.198,0.051
zeta.DayOfYear,WEBL,-0.014,-0.392,0.344
zeta.DayOfYear,MOBL,-0.056,-0.318,0.183
zeta.DayOfYear,TOSO,0.217,0.077,0.357
zeta.DayOfYear,VEER,0.013,-0.505,0.503
zeta.DayOfYear,SWTH,0.044,-0.494,0.531
zeta.DayOfYear,HETH,0.04,-0.087,0.164
zeta.DayOfYear,AMRO,-0.036,-0.128,0.053
zeta.DayOfYear,GRCA,-0.099,-0.515,0.339
zeta.DayOfYear,SATH,0.012,-0.517,0.483
zeta.DayOfYear,NOMO,-0.006,-0.521,0.492
zeta.DayOfYear,EUST,-0.002,-0.583,0.439
zeta.DayOfYear,CEDW,-0.09,-0.559,0.395
zeta.DayOfYear,HOSP,-0.005,-0.458,0.576
zeta.DayOfYear,EVGR,-0.122,-0.359,0.137
zeta.DayOfYear,PIGR,-0.062,-0.542,0.381
zeta.DayOfYear,HOFI,-0.11,-0.587,0.339
zeta.DayOfYear,CAFI,-0.083,-0.503,0.296
zeta.DayOfYear,RECR,0.124,-0.066,0.3
zeta.DayOfYear,PISI,0.138,0.03,0.255
zeta.DayOfYear,LEGO,-0.167,-0.503,0.192
zeta.DayOfYear,AMGO,-0.372,-0.748,0.016
zeta.DayOfYear,BTSP,0,-0.501,0.49
zeta.DayOfYear,LASP,0.002,-0.537,0.479
zeta.DayOfYear,CHSP,0.191,0.055,0.33
zeta.DayOfYear,BRSP,0.006,-0.49,0.55
zeta.DayOfYear,FOSP,0.121,-0.353,0.629
zeta.DayOfYear,DEJU,0.238,0.147,0.326
zeta.DayOfYear,WCSP,-0.067,-0.584,0.392
zeta.DayOfYear,VESP,-0.094,-0.4,0.262
zeta.DayOfYear,SAVS,0.003,-0.494,0.503
zeta.DayOfYear,SOSP,-0.111,-0.527,0.258
zeta.DayOfYear,LISP,-0.017,-0.338,0.3
zeta.DayOfYear,GTTO,-0.094,-0.255,0.064
zeta.DayOfYear,SPTO,-0.389,-0.665,-0.069
zeta.DayOfYear,YBCH,-0.003,-0.49,0.512
zeta.DayOfYear,WEME,0.049,-0.4,0.556
zeta.DayOfYear,BUOR,-0.031,-0.484,0.473
zeta.DayOfYear,RWBL,0.228,-0.244,0.727
zeta.DayOfYear,BHCO,-0.132,-0.383,0.126
zeta.DayOfYear,BRBL,0.031,-0.457,0.546
zeta.DayOfYear,COGR,0.067,-0.418,0.557
zeta.DayOfYear,OVEN,0.005,-0.477,0.519
zeta.DayOfYear,OCWA,-0.097,-0.49,0.368
zeta.DayOfYear,VIWA,0.013,-0.315,0.31
zeta.DayOfYear,MGWA,0.293,-0.055,0.658
zeta.DayOfYear,COYE,-0.057,-0.555,0.432
zeta.DayOfYear,AMRE,-0.002,-0.46,0.516
zeta.DayOfYear,YEWA,0.114,-0.26,0.482
zeta.DayOfYear,YRWA,0.127,0.045,0.205
zeta.DayOfYear,GRWA,0,-0.49,0.494
zeta.DayOfYear,BTYW,0.002,-0.503,0.486
zeta.DayOfYear,WIWA,-0.091,-0.659,0.437
zeta.DayOfYear,HETA,0.013,-0.472,0.526
zeta.DayOfYear,WETA,-0.024,-0.114,0.075
zeta.DayOfYear,BHGR,-0.084,-0.407,0.256
zeta.DayOfYear,BLGR,0.033,-0.495,0.483
zeta.DayOfYear,LAZB,-0.148,-0.685,0.328
zeta.DayOfYear2.mu,Community,0,-0.058,0.057
sigma.zeta.DayOfYear2,Community,0.169,0.111,0.228
zeta.DayOfYear2,ROPI,-0.002,-0.349,0.336
zeta.DayOfYear2,BTPI,-0.026,-0.346,0.328
zeta.DayOfYear2,EUCD,-0.003,-0.327,0.36
zeta.DayOfYear2,MODO,0.027,-0.139,0.195
zeta.DayOfYear2,CONI,-0.146,-0.427,0.092
zeta.DayOfYear2,COPO,-0.014,-0.383,0.328
zeta.DayOfYear2,WTSW,-0.008,-0.315,0.333
zeta.DayOfYear2,BCHU,0.012,-0.262,0.327
zeta.DayOfYear2,BTHU,-0.008,-0.086,0.069
zeta.DayOfYear2,KILL,-0.009,-0.35,0.301
zeta.DayOfYear2,WISN,0.045,-0.288,0.368
zeta.DayOfYear2,SPSA,0.073,-0.255,0.448
zeta.DayOfYear2,BEKI,-0.002,-0.337,0.333
zeta.DayOfYear2,LEWO,-0.044,-0.414,0.29
zeta.DayOfYear2,ACWO,-0.014,-0.37,0.333
zeta.DayOfYear2,WISA,-0.165,-0.436,0.115
zeta.DayOfYear2,RNSA,-0.301,-0.564,-0.086
zeta.DayOfYear2,ATTW,0.019,-0.301,0.341
zeta.DayOfYear2,DOWO,0.041,-0.24,0.358
zeta.DayOfYear2,HAWO,0.112,-0.053,0.274
zeta.DayOfYear2,NOFL,0.105,-0.034,0.239
zeta.DayOfYear2,ATFL,0.002,-0.334,0.349
zeta.DayOfYear2,CAKI,-0.005,-0.391,0.322
zeta.DayOfYear2,WEKI,0.026,-0.309,0.353
zeta.DayOfYear2,EAKI,-0.006,-0.343,0.33
zeta.DayOfYear2,OSFL,-0.104,-0.415,0.179
zeta.DayOfYear2,WEWP,-0.079,-0.222,0.042
zeta.DayOfYear2,WIFL,-0.024,-0.351,0.319
zeta.DayOfYear2,LEFL,-0.014,-0.366,0.32
zeta.DayOfYear2,HAFL,-0.104,-0.307,0.142
zeta.DayOfYear2,GRFL,-0.004,-0.332,0.345
zeta.DayOfYear2,DUFL,-0.089,-0.265,0.088
zeta.DayOfYear2,COFL,-0.064,-0.232,0.096
zeta.DayOfYear2,BLPH,0.004,-0.356,0.312
zeta.DayOfYear2,SAPH,-0.003,-0.359,0.35
zeta.DayOfYear2,GRVI,0.001,-0.346,0.316
zeta.DayOfYear2,PLVI,0.278,0.111,0.462
zeta.DayOfYear2,WAVI,-0.029,-0.127,0.068
zeta.DayOfYear2,REVI,-0.003,-0.382,0.298
zeta.DayOfYear2,CAJA,0.02,-0.332,0.397
zeta.DayOfYear2,PIJA,-0.004,-0.366,0.328
zeta.DayOfYear2,STJA,-0.04,-0.183,0.115
zeta.DayOfYear2,BLJA,0,-0.322,0.364
zeta.DayOfYear2,WOSJ,0.017,-0.352,0.343
zeta.DayOfYear2,CLNU,-0.176,-0.499,0.135
zeta.DayOfYear2,BBMA,0.044,-0.277,0.415
zeta.DayOfYear2,AMCR,0.062,-0.243,0.359
zeta.DayOfYear2,CORA,-0.033,-0.262,0.175
zeta.DayOfYear2,HOLA,-0.007,-0.355,0.345
zeta.DayOfYear2,TRES,-0.184,-0.463,0.094
zeta.DayOfYear2,VGSW,0.271,0.119,0.43
zeta.DayOfYear2,NRWS,-0.033,-0.352,0.288
zeta.DayOfYear2,PUMA,-0.006,-0.364,0.335
zeta.DayOfYear2,BARS,-0.007,-0.348,0.354
zeta.DayOfYear2,CLSW,0.004,-0.317,0.346
zeta.DayOfYear2,BCCH,0.102,-0.211,0.413
zeta.DayOfYear2,MOCH,0.166,0.095,0.232
zeta.DayOfYear2,JUTI,0.001,-0.375,0.324
zeta.DayOfYear2,BUSH,-0.014,-0.321,0.328
zeta.DayOfYear2,RBNU,0.009,-0.112,0.13
zeta.DayOfYear2,WBNU,0.146,-0.01,0.295
zeta.DayOfYear2,PYNU,0.139,0.019,0.268
zeta.DayOfYear2,BRCR,-0.021,-0.2,0.177
zeta.DayOfYear2,ROWR,-0.011,-0.299,0.3
zeta.DayOfYear2,CANW,0.02,-0.274,0.307
zeta.DayOfYear2,HOWR,0.056,-0.042,0.167
zeta.DayOfYear2,BEWR,-0.007,-0.332,0.338
zeta.DayOfYear2,BGGN,0.034,-0.263,0.349
zeta.DayOfYear2,AMDI,0.032,-0.343,0.374
zeta.DayOfYear2,GCKI,-0.016,-0.281,0.248
zeta.DayOfYear2,RCKI,-0.164,-0.291,-0.051
zeta.DayOfYear2,WEBL,0.026,-0.229,0.317
zeta.DayOfYear2,MOBL,-0.092,-0.324,0.163
zeta.DayOfYear2,TOSO,-0.101,-0.223,0.044
zeta.DayOfYear2,VEER,-0.03,-0.416,0.277
zeta.DayOfYear2,SWTH,-0.014,-0.33,0.279
zeta.DayOfYear2,HETH,0.04,-0.065,0.153
zeta.DayOfYear2,AMRO,-0.018,-0.1,0.07
zeta.DayOfYear2,GRCA,-0.021,-0.35,0.3
zeta.DayOfYear2,SATH,0,-0.342,0.344
zeta.DayOfYear2,NOMO,0.001,-0.352,0.335
zeta.DayOfYear2,EUST,-0.006,-0.351,0.352
zeta.DayOfYear2,CEDW,0.004,-0.316,0.332
zeta.DayOfYear2,HOSP,-0.01,-0.342,0.332
zeta.DayOfYear2,EVGR,-0.235,-0.447,-0.036
zeta.DayOfYear2,PIGR,-0.078,-0.422,0.269
zeta.DayOfYear2,HOFI,0.004,-0.323,0.317
zeta.DayOfYear2,CAFI,-0.157,-0.449,0.118
zeta.DayOfYear2,RECR,-0.035,-0.194,0.132
zeta.DayOfYear2,PISI,-0.049,-0.166,0.05
zeta.DayOfYear2,LEGO,0.168,-0.119,0.481
zeta.DayOfYear2,AMGO,0.15,-0.114,0.431
zeta.DayOfYear2,BTSP,-0.004,-0.314,0.348
zeta.DayOfYear2,LASP,-0.012,-0.362,0.31
zeta.DayOfYear2,CHSP,-0.013,-0.145,0.106
zeta.DayOfYear2,BRSP,-0.037,-0.379,0.326
zeta.DayOfYear2,FOSP,-0.019,-0.368,0.295
zeta.DayOfYear2,DEJU,-0.124,-0.198,-0.036
zeta.DayOfYear2,WCSP,-0.037,-0.377,0.286
zeta.DayOfYear2,VESP,0.004,-0.296,0.267
zeta.DayOfYear2,SAVS,-0.001,-0.363,0.333
zeta.DayOfYear2,SOSP,0.007,-0.304,0.3
zeta.DayOfYear2,LISP,0.104,-0.196,0.367
zeta.DayOfYear2,GTTO,0.216,0.035,0.391
zeta.DayOfYear2,SPTO,0.297,0.052,0.572
zeta.DayOfYear2,YBCH,-0.004,-0.323,0.348
zeta.DayOfYear2,WEME,-0.016,-0.315,0.324
zeta.DayOfYear2,BUOR,0.015,-0.285,0.372
zeta.DayOfYear2,RWBL,-0.009,-0.386,0.262
zeta.DayOfYear2,BHCO,-0.046,-0.241,0.182
zeta.DayOfYear2,BRBL,0.054,-0.25,0.447
zeta.DayOfYear2,COGR,-0.03,-0.374,0.301
zeta.DayOfYear2,OVEN,-0.019,-0.337,0.363
zeta.DayOfYear2,OCWA,-0.064,-0.42,0.282
zeta.DayOfYear2,VIWA,0.094,-0.142,0.363
zeta.DayOfYear2,MGWA,0.013,-0.253,0.273
zeta.DayOfYear2,COYE,0.012,-0.296,0.334
zeta.DayOfYear2,AMRE,-0.006,-0.334,0.356
zeta.DayOfYear2,YEWA,-0.145,-0.463,0.137
zeta.DayOfYear2,YRWA,0.027,-0.042,0.1
zeta.DayOfYear2,GRWA,-0.008,-0.335,0.347
zeta.DayOfYear2,BTYW,-0.008,-0.355,0.345
zeta.DayOfYear2,WIWA,-0.002,-0.369,0.345
zeta.DayOfYear2,HETA,0.003,-0.355,0.323
zeta.DayOfYear2,WETA,0.089,0.009,0.176
zeta.DayOfYear2,BHGR,0.013,-0.268,0.275
zeta.DayOfYear2,BLGR,-0.004,-0.341,0.361
zeta.DayOfYear2,LAZB,0.074,-0.271,0.429
zeta.Time_ssr.mu,Community,-0.129,-0.188,-0.07
sigma.zeta.Time_ssr,Community,0.191,0.138,0.252
zeta.Time_ssr,ROPI,-0.135,-0.507,0.256
zeta.Time_ssr,BTPI,-0.156,-0.542,0.248
zeta.Time_ssr,EUCD,-0.133,-0.545,0.248
zeta.Time_ssr,MODO,-0.442,-0.654,-0.239
zeta.Time_ssr,CONI,-0.522,-0.848,-0.247
zeta.Time_ssr,COPO,-0.18,-0.579,0.201
zeta.Time_ssr,WTSW,-0.097,-0.472,0.297
zeta.Time_ssr,BCHU,-0.186,-0.559,0.148
zeta.Time_ssr,BTHU,-0.177,-0.259,-0.101
zeta.Time_ssr,KILL,-0.122,-0.509,0.283
zeta.Time_ssr,WISN,-0.153,-0.521,0.224
zeta.Time_ssr,SPSA,-0.107,-0.506,0.25
zeta.Time_ssr,BEKI,-0.118,-0.501,0.245
zeta.Time_ssr,LEWO,-0.103,-0.522,0.24
zeta.Time_ssr,ACWO,-0.122,-0.543,0.231
zeta.Time_ssr,WISA,-0.081,-0.355,0.156
zeta.Time_ssr,RNSA,-0.173,-0.374,0.024
zeta.Time_ssr,ATTW,-0.089,-0.415,0.234
zeta.Time_ssr,DOWO,-0.363,-0.709,-0.006
zeta.Time_ssr,HAWO,-0.083,-0.253,0.094
zeta.Time_ssr,NOFL,-0.069,-0.224,0.082
zeta.Time_ssr,ATFL,-0.133,-0.499,0.271
zeta.Time_ssr,CAKI,-0.13,-0.503,0.234
zeta.Time_ssr,WEKI,-0.149,-0.481,0.264
zeta.Time_ssr,EAKI,-0.131,-0.491,0.277
zeta.Time_ssr,OSFL,-0.102,-0.359,0.174
zeta.Time_ssr,WEWP,-0.176,-0.351,-0.005
zeta.Time_ssr,WIFL,-0.241,-0.63,0.106
zeta.Time_ssr,LEFL,-0.135,-0.511,0.271
zeta.Time_ssr,HAFL,0.068,-0.159,0.316
zeta.Time_ssr,GRFL,-0.122,-0.504,0.287
zeta.Time_ssr,DUFL,-0.154,-0.307,-0.003
zeta.Time_ssr,COFL,-0.135,-0.321,0.067
zeta.Time_ssr,BLPH,-0.15,-0.544,0.233
zeta.Time_ssr,SAPH,-0.139,-0.497,0.278
zeta.Time_ssr,GRVI,-0.131,-0.516,0.264
zeta.Time_ssr,PLVI,-0.073,-0.275,0.117
zeta.Time_ssr,WAVI,0.053,-0.038,0.148
zeta.Time_ssr,REVI,-0.127,-0.507,0.281
zeta.Time_ssr,CAJA,-0.083,-0.41,0.274
zeta.Time_ssr,PIJA,-0.127,-0.518,0.244
zeta.Time_ssr,STJA,-0.093,-0.237,0.042
zeta.Time_ssr,BLJA,-0.131,-0.531,0.236
zeta.Time_ssr,WOSJ,-0.153,-0.577,0.246
zeta.Time_ssr,CLNU,0.098,-0.155,0.36
zeta.Time_ssr,BBMA,-0.157,-0.575,0.174
zeta.Time_ssr,AMCR,-0.328,-0.614,-0.033
zeta.Time_ssr,CORA,-0.297,-0.55,-0.066
zeta.Time_ssr,HOLA,-0.128,-0.498,0.254
zeta.Time_ssr,TRES,0.018,-0.194,0.25
zeta.Time_ssr,VGSW,-0.109,-0.268,0.065
zeta.Time_ssr,NRWS,-0.077,-0.455,0.295
zeta.Time_ssr,PUMA,-0.134,-0.486,0.265
zeta.Time_ssr,BARS,-0.097,-0.498,0.266
zeta.Time_ssr,CLSW,-0.133,-0.506,0.191
zeta.Time_ssr,BCCH,-0.156,-0.45,0.194
zeta.Time_ssr,MOCH,-0.438,-0.519,-0.355
zeta.Time_ssr,JUTI,-0.124,-0.517,0.263
zeta.Time_ssr,BUSH,-0.121,-0.501,0.242
zeta.Time_ssr,RBNU,-0.002,-0.143,0.147
zeta.Time_ssr,WBNU,-0.065,-0.241,0.105
zeta.Time_ssr,PYNU,0.229,0.089,0.364
zeta.Time_ssr,BRCR,-0.39,-0.593,-0.197
zeta.Time_ssr,ROWR,-0.332,-0.641,-0.015
zeta.Time_ssr,CANW,-0.066,-0.448,0.284
zeta.Time_ssr,HOWR,-0.281,-0.408,-0.155
zeta.Time_ssr,BEWR,-0.133,-0.532,0.223
zeta.Time_ssr,BGGN,-0.137,-0.491,0.193
zeta.Time_ssr,AMDI,-0.164,-0.596,0.185
zeta.Time_ssr,GCKI,-0.122,-0.432,0.159
zeta.Time_ssr,RCKI,-0.007,-0.118,0.106
zeta.Time_ssr,WEBL,0.019,-0.274,0.309
zeta.Time_ssr,MOBL,-0.226,-0.471,0.016
zeta.Time_ssr,TOSO,-0.149,-0.282,-0.017
zeta.Time_ssr,VEER,-0.164,-0.596,0.2
zeta.Time_ssr,SWTH,-0.182,-0.639,0.196
zeta.Time_ssr,HETH,-0.114,-0.221,-0.015
zeta.Time_ssr,AMRO,-0.183,-0.286,-0.09
zeta.Time_ssr,GRCA,-0.159,-0.477,0.22
zeta.Time_ssr,SATH,-0.122,-0.498,0.267
zeta.Time_ssr,NOMO,-0.133,-0.555,0.248
zeta.Time_ssr,EUST,-0.136,-0.51,0.275
zeta.Time_ssr,CEDW,-0.116,-0.523,0.247
zeta.Time_ssr,HOSP,-0.122,-0.525,0.244
zeta.Time_ssr,EVGR,-0.21,-0.417,-0.017
zeta.Time_ssr,PIGR,-0.008,-0.388,0.338
zeta.Time_ssr,HOFI,-0.223,-0.59,0.18
zeta.Time_ssr,CAFI,-0.068,-0.376,0.246
zeta.Time_ssr,RECR,-0.223,-0.365,-0.087
zeta.Time_ssr,PISI,0.053,-0.054,0.167
zeta.Time_ssr,LEGO,-0.067,-0.401,0.275
zeta.Time_ssr,AMGO,-0.107,-0.35,0.18
zeta.Time_ssr,BTSP,-0.117,-0.528,0.26
zeta.Time_ssr,LASP,-0.143,-0.503,0.278
zeta.Time_ssr,CHSP,-0.143,-0.276,-0.012
zeta.Time_ssr,BRSP,-0.084,-0.438,0.282
zeta.Time_ssr,FOSP,-0.145,-0.544,0.207
zeta.Time_ssr,DEJU,-0.1,-0.17,-0.021
zeta.Time_ssr,WCSP,-0.144,-0.495,0.201
zeta.Time_ssr,VESP,-0.104,-0.409,0.241
zeta.Time_ssr,SAVS,-0.129,-0.506,0.261
zeta.Time_ssr,SOSP,-0.143,-0.47,0.198
zeta.Time_ssr,LISP,-0.21,-0.506,0.049
zeta.Time_ssr,GTTO,0.148,-0.009,0.306
zeta.Time_ssr,SPTO,-0.218,-0.483,0.044
zeta.Time_ssr,YBCH,-0.124,-0.521,0.259
zeta.Time_ssr,WEME,-0.145,-0.519,0.218
zeta.Time_ssr,BUOR,-0.173,-0.587,0.217
zeta.Time_ssr,RWBL,-0.074,-0.442,0.271
zeta.Time_ssr,BHCO,-0.326,-0.559,-0.106
zeta.Time_ssr,BRBL,-0.125,-0.483,0.256
zeta.Time_ssr,COGR,-0.136,-0.492,0.244
zeta.Time_ssr,OVEN,-0.189,-0.605,0.169
zeta.Time_ssr,OCWA,-0.213,-0.537,0.144
zeta.Time_ssr,VIWA,-0.05,-0.311,0.225
zeta.Time_ssr,MGWA,-0.015,-0.307,0.26
zeta.Time_ssr,COYE,-0.027,-0.406,0.36
zeta.Time_ssr,AMRE,-0.138,-0.507,0.298
zeta.Time_ssr,YEWA,-0.06,-0.331,0.23
zeta.Time_ssr,YRWA,-0.016,-0.088,0.053
zeta.Time_ssr,GRWA,-0.129,-0.546,0.21
zeta.Time_ssr,BTYW,-0.116,-0.478,0.28
zeta.Time_ssr,WIWA,0.094,-0.24,0.485
zeta.Time_ssr,HETA,-0.132,-0.512,0.281
zeta.Time_ssr,WETA,-0.105,-0.193,-0.011
zeta.Time_ssr,BHGR,0.022,-0.208,0.247
zeta.Time_ssr,BLGR,-0.144,-0.533,0.244
zeta.Time_ssr,LAZB,-0.077,-0.458,0.307
zeta.Time_ssr2.mu,Community,-0.023,-0.074,0.028
sigma.zeta.Time_ssr2,Community,0.16,0.108,0.221
zeta.Time_ssr2,ROPI,-0.024,-0.343,0.31
zeta.Time_ssr2,BTPI,0,-0.304,0.344
zeta.Time_ssr2,EUCD,-0.019,-0.334,0.329
zeta.Time_ssr2,MODO,-0.094,-0.293,0.096
zeta.Time_ssr2,CONI,0.394,0.104,0.698
zeta.Time_ssr2,COPO,0.021,-0.324,0.325
zeta.Time_ssr2,WTSW,-0.033,-0.342,0.304
zeta.Time_ssr2,BCHU,-0.065,-0.391,0.221
zeta.Time_ssr2,BTHU,-0.044,-0.124,0.033
zeta.Time_ssr2,KILL,-0.038,-0.354,0.281
zeta.Time_ssr2,WISN,0.025,-0.301,0.367
zeta.Time_ssr2,SPSA,-0.045,-0.382,0.284
zeta.Time_ssr2,BEKI,-0.068,-0.414,0.258
zeta.Time_ssr2,LEWO,0.017,-0.3,0.319
zeta.Time_ssr2,ACWO,-0.022,-0.361,0.334
zeta.Time_ssr2,WISA,-0.176,-0.393,0.039
zeta.Time_ssr2,RNSA,0.008,-0.179,0.208
zeta.Time_ssr2,ATTW,0.013,-0.236,0.289
zeta.Time_ssr2,DOWO,-0.081,-0.398,0.222
zeta.Time_ssr2,HAWO,-0.146,-0.305,0.036
zeta.Time_ssr2,NOFL,-0.27,-0.428,-0.131
zeta.Time_ssr2,ATFL,-0.026,-0.337,0.317
zeta.Time_ssr2,CAKI,-0.023,-0.326,0.363
zeta.Time_ssr2,WEKI,-0.058,-0.382,0.298
zeta.Time_ssr2,EAKI,-0.028,-0.338,0.329
zeta.Time_ssr2,OSFL,0.017,-0.266,0.265
zeta.Time_ssr2,WEWP,-0.048,-0.233,0.125
zeta.Time_ssr2,WIFL,-0.006,-0.343,0.315
zeta.Time_ssr2,LEFL,-0.028,-0.344,0.311
zeta.Time_ssr2,HAFL,-0.114,-0.398,0.1
zeta.Time_ssr2,GRFL,-0.021,-0.342,0.315
zeta.Time_ssr2,DUFL,0.012,-0.15,0.164
zeta.Time_ssr2,COFL,-0.044,-0.213,0.151
zeta.Time_ssr2,BLPH,-0.033,-0.348,0.321
zeta.Time_ssr2,SAPH,-0.031,-0.361,0.311
zeta.Time_ssr2,GRVI,-0.02,-0.341,0.328
zeta.Time_ssr2,PLVI,0.09,-0.102,0.267
zeta.Time_ssr2,WAVI,0.006,-0.084,0.099
zeta.Time_ssr2,REVI,-0.023,-0.359,0.305
zeta.Time_ssr2,CAJA,-0.062,-0.355,0.22
zeta.Time_ssr2,PIJA,-0.021,-0.386,0.297
zeta.Time_ssr2,STJA,-0.25,-0.394,-0.098
zeta.Time_ssr2,BLJA,-0.027,-0.37,0.302
zeta.Time_ssr2,WOSJ,-0.021,-0.346,0.32
zeta.Time_ssr2,CLNU,-0.05,-0.274,0.195
zeta.Time_ssr2,BBMA,0.04,-0.296,0.363
zeta.Time_ssr2,AMCR,0.185,-0.106,0.465
zeta.Time_ssr2,CORA,0.182,-0.034,0.406
zeta.Time_ssr2,HOLA,-0.021,-0.354,0.339
zeta.Time_ssr2,TRES,0.063,-0.127,0.294
zeta.Time_ssr2,VGSW,0.019,-0.123,0.186
zeta.Time_ssr2,NRWS,-0.096,-0.449,0.204
zeta.Time_ssr2,PUMA,-0.019,-0.356,0.306
zeta.Time_ssr2,BARS,-0.062,-0.399,0.254
zeta.Time_ssr2,CLSW,-0.059,-0.368,0.264
zeta.Time_ssr2,BCCH,-0.001,-0.272,0.261
zeta.Time_ssr2,MOCH,0.111,0.04,0.19
zeta.Time_ssr2,JUTI,-0.013,-0.369,0.324
zeta.Time_ssr2,BUSH,-0.03,-0.346,0.296
zeta.Time_ssr2,RBNU,0.007,-0.141,0.143
zeta.Time_ssr2,WBNU,-0.047,-0.22,0.107
zeta.Time_ssr2,PYNU,-0.253,-0.394,-0.117
zeta.Time_ssr2,BRCR,0.043,-0.14,0.23
zeta.Time_ssr2,ROWR,-0.026,-0.281,0.233
zeta.Time_ssr2,CANW,-0.057,-0.373,0.279
zeta.Time_ssr2,HOWR,0.118,0,0.232
zeta.Time_ssr2,BEWR,-0.02,-0.358,0.289
zeta.Time_ssr2,BGGN,-0.051,-0.34,0.262
zeta.Time_ssr2,AMDI,0.045,-0.256,0.38
zeta.Time_ssr2,GCKI,0.056,-0.208,0.389
zeta.Time_ssr2,RCKI,-0.029,-0.144,0.075
zeta.Time_ssr2,WEBL,0.081,-0.144,0.351
zeta.Time_ssr2,MOBL,0.129,-0.094,0.354
zeta.Time_ssr2,TOSO,-0.033,-0.151,0.089
zeta.Time_ssr2,VEER,-0.019,-0.341,0.31
zeta.Time_ssr2,SWTH,0.07,-0.237,0.389
zeta.Time_ssr2,HETH,-0.012,-0.106,0.087
zeta.Time_ssr2,AMRO,0.006,-0.091,0.097
zeta.Time_ssr2,GRCA,-0.021,-0.315,0.327
zeta.Time_ssr2,SATH,-0.027,-0.351,0.313
zeta.Time_ssr2,NOMO,-0.022,-0.337,0.325
zeta.Time_ssr2,EUST,-0.032,-0.359,0.299
zeta.Time_ssr2,CEDW,-0.02,-0.354,0.312
zeta.Time_ssr2,HOSP,-0.025,-0.36,0.324
zeta.Time_ssr2,EVGR,-0.121,-0.322,0.077
zeta.Time_ssr2,PIGR,-0.093,-0.424,0.231
zeta.Time_ssr2,HOFI,-0.108,-0.419,0.188
zeta.Time_ssr2,CAFI,-0.082,-0.372,0.242
zeta.Time_ssr2,RECR,-0.17,-0.317,-0.034
zeta.Time_ssr2,PISI,-0.097,-0.202,0.003
zeta.Time_ssr2,LEGO,-0.114,-0.408,0.171
zeta.Time_ssr2,AMGO,-0.018,-0.258,0.224
zeta.Time_ssr2,BTSP,-0.025,-0.357,0.312
zeta.Time_ssr2,LASP,-0.037,-0.368,0.275
zeta.Time_ssr2,CHSP,-0.002,-0.141,0.121
zeta.Time_ssr2,BRSP,0.03,-0.292,0.355
zeta.Time_ssr2,FOSP,0.022,-0.28,0.366
zeta.Time_ssr2,DEJU,0.108,0.034,0.18
zeta.Time_ssr2,WCSP,-0.075,-0.378,0.266
zeta.Time_ssr2,VESP,-0.003,-0.291,0.308
zeta.Time_ssr2,SAVS,-0.022,-0.358,0.301
zeta.Time_ssr2,SOSP,0.013,-0.311,0.368
zeta.Time_ssr2,LISP,-0.107,-0.338,0.132
zeta.Time_ssr2,GTTO,0.054,-0.094,0.205
zeta.Time_ssr2,SPTO,0.121,-0.119,0.373
zeta.Time_ssr2,YBCH,-0.025,-0.333,0.287
zeta.Time_ssr2,WEME,0.036,-0.274,0.401
zeta.Time_ssr2,BUOR,-0.021,-0.365,0.257
zeta.Time_ssr2,RWBL,0.008,-0.311,0.294
zeta.Time_ssr2,BHCO,-0.204,-0.441,0.002
zeta.Time_ssr2,BRBL,0.042,-0.286,0.369
zeta.Time_ssr2,COGR,-0.061,-0.387,0.248
zeta.Time_ssr2,OVEN,-0.006,-0.31,0.319
zeta.Time_ssr2,OCWA,-0.066,-0.325,0.252
zeta.Time_ssr2,VIWA,-0.041,-0.311,0.215
zeta.Time_ssr2,MGWA,-0.005,-0.247,0.216
zeta.Time_ssr2,COYE,-0.066,-0.391,0.263
zeta.Time_ssr2,AMRE,-0.025,-0.358,0.298
zeta.Time_ssr2,YEWA,-0.022,-0.315,0.249
zeta.Time_ssr2,YRWA,-0.112,-0.184,-0.038
zeta.Time_ssr2,GRWA,-0.028,-0.407,0.281
zeta.Time_ssr2,BTYW,-0.022,-0.343,0.292
zeta.Time_ssr2,WIWA,-0.041,-0.363,0.282
zeta.Time_ssr2,HETA,-0.018,-0.355,0.298
zeta.Time_ssr2,WETA,0.085,-0.012,0.172
zeta.Time_ssr2,BHGR,-0.248,-0.505,-0.027
zeta.Time_ssr2,BLGR,-0.029,-0.365,0.318
zeta.Time_ssr2,LAZB,0.044,-0.258,0.38
